Serial Number,List Year,Date Recorded,Town,Address,Assessed Value,Sale Amount,Sales Ratio,Property Type,Residential Type,Non Use Code,Assessor Remarks,OPM remarks,Location,Longitude,Latitude
220008,2022,01/30/2023,Andover,618 ROUTE 6,139020.00,232000.00,0.5992,Residential,Single Family,,,,POINT (-72.343628962 41.728431984),-72.343628962,41.728431984
210317,2021,07/05/2022,Avon,53 COTSWOLD WAY,329730.00,805000.00,0.4096,Residential,Single Family,,,,POINT (-72.846365959 41.781677018),-72.846365959,41.781677018
22043,2022,03/15/2023,Beacon Falls,41 EDGEWOOD DRIVE,164170.00,285000.00,0.5760,Residential,Single Family,,,,POINT (-73.053071989 41.439434021),-73.053071989,41.439434021
220440,2022,02/16/2023,Branford,69 MONTOYA,84300.00,195000.00,0.4323,Residential,Condo,,,,POINT (-72.828043035 41.282226984),-72.828043035,41.282226984
210045,2021,04/29/2022,Bethlehem,89 LONG MEADOW RD,229900.00,561850.00,0.4091,Residential,Single Family,,,,POINT (-73.21257902 41.666959986),-73.21257902,41.666959986
210101,2021,12/20/2021,Bloomfield,43 LEDYARD AVE,111580.00,209000.00,0.5338,Residential,Single Family,,,,POINT (-72.690802027 41.821341986),-72.690802027,41.821341986
200086,2020,08/10/2021,Bethlehem,39 WOODLAND RD,168900.00,352000.00,0.4798,Residential,Single Family,,,,POINT (-73.18197 41.64672),-73.18197,41.64672
210035,2021,10/20/2021,Branford,25 QUARRY DOCK RD,208100.00,448000.00,0.4645,Residential,Condo,,,,POINT (-72.815906039 41.268214998),-72.815906039,41.268214998
210748,2021,01/14/2022,Bridgeport,360 VINCELLETTE ST,160776.00,315000.00,0.5104,Residential,Single Family,,,,POINT (-73.219385964 41.215379001),-73.219385964,41.215379001
211762,2021,06/21/2022,Bridgeport,38 RIVERVIEW DR,86990.00,247000.00,0.3521,Residential,Condo,,,,POINT (-73.223086993 41.213277993),-73.223086993,41.213277993
211997,2021,08/02/2022,Bridgeport,1963 MAIN ST,257910.00,500000.00,0.5158,Commercial,,,,,POINT (-73.196744012 41.189862979),-73.196744012,41.189862979
22000107,2022,12/22/2022,Cheshire,30 CURRIER PL,129150.00,265000.00,0.4873,Residential,Condo,,,,POINT (-72.92666501 41.53260998),-72.92666501,41.53260998
210530,2021,02/09/2022,Bristol,68 JUDSON AVENUE,76580.00,190000.00,0.403,Residential,Single Family,,,,POINT (-72.954410032 41.664379994),-72.954410032,41.664379994
220029,2022,04/20/2023,Cornwall,DAY RD,153100.00,190000.00,0.8057,Vacant Land,,,,,POINT (-73.35203565 41.782837297),-73.35203565,41.782837297
220054,2022,12/13/2022,Coventry,166 CEDAR SWAMP RD,114500.00,255000.00,0.4490,Residential,Single Family,,,,POINT (-72.413489023 41.80168701),-72.413489023,41.80168701
21055,2021,05/05/2022,Canterbury,159 BARSTOW RD,35700.00,70000.00,0.51,Vacant Land,,,,,POINT (-72.004670737 41.71535266),-72.004670737,41.71535266
220261,2022,07/13/2023,East Lyme,2 PEACH LN,465500.00,827000.00,0.5628,Residential,Single Family,,,,POINT (-72.243243015 41.370139989),-72.243243015,41.370139989
220058,2022,11/10/2022,East Lyme,338 MAIN ST,293580.00,770000.00,0.3812,Commercial,,,,,POINT (-72.254007024 41.309879452),-72.254007024,41.309879452
210098,2021,10/20/2021,Danbury,19 GLEN RD,202500.00,460000.00,0.4402,Residential,Single Family,,K09024,,POINT (-73.433336976 41.41978399),-73.433336976,41.41978399
220213,2022,01/03/2023,Greenwich,20 CHURCH STREET #A24,488530.00,775000.00,0.6303,Residential,Condo,,,,POINT (-73.626474968 41.032925002),-73.626474968,41.032925002
200194,2020,02/05/2021,East Lyme,5 ROCCO DR,170660.00,220000.00,0.7757,Vacant Land,,,,,POINT (-72.22025 41.3942),-72.22025,41.3942
200320,2020,05/10/2021,East Lyme,9 FREEDOM WAY,776230.00,1525000.00,0.509,Commercial,,,,,POINT (-72.24486 41.32183),-72.24486,41.32183
210176,2021,04/19/2022,East Hampton,10 LOWELL RD,153570.00,270000.00,0.5687,Residential,Single Family,,,,POINT (-72.490998997 41.594506983),-72.490998997,41.594506983
210278,2021,08/18/2022,Ellington,1 ABBOTT RD 131,79390.00,170000.00,0.467,Residential,Condo,,,,POINT (-72.496333994 41.871967005),-72.496333994,41.871967005
221007,2022,09/25/2023,Hamden,117 CUMPSTONE DR,144620.00,365000.00,0.3962,Residential,Single Family,,,,POINT (-72.906959994 41.401053998),-72.906959994,41.401053998
210721,2021,05/26/2022,Fairfield,59 GRACE STREET,235970.00,350000.00,0.6742,Residential,Single Family,,,,POINT (-73.231428998 41.172704008),-73.231428998,41.172704008
210771,2021,06/08/2022,Fairfield,33 REEF COURT,370160.00,625000.00,0.5922,Residential,Single Family,,,,POINT (-73.252361041 41.134042983),-73.252361041,41.134042983
210800,2021,06/17/2022,Fairfield,1991 POST ROAD,833000.00,1400000.00,0.595,Commercial,,,,,POINT (-73.266760983 41.140355981),-73.266760983,41.140355981
220715,2022,06/15/2023,Hartford,106 MOUNTAIN ST,65195.00,200000.00,0.3259,Residential,Single Family,10 - A Will,,,POINT (-72.702083985 41.730192016),-72.702083985,41.730192016
220049,2022,10/20/2022,Hartford,12 BELDEN ST,4970.00,15000.00,0.3313,Vacant Land,,,,,POINT (-72.677253016 41.775707007),-72.677253016,41.775707007
21200,2021,01/28/2022,Farmington,7 CYPRESS TRAIL,140950.00,260000.00,0.5421,Residential,Condo,,,,POINT (-72.875744027 41.731196),-72.875744027,41.731196
21101,2021,11/30/2021,Farmington,38 OAKLAND AV,137510.00,398500.00,0.345,Residential,Single Family,,,,POINT (-72.791588964 41.743265983),-72.791588964,41.743265983
220145,2022,03/15/2023,Killingly,106 MORIN AV,221760.00,560000.00,0.3960,Apartments,,,,,POINT (-71.881193999 41.817335981),-71.881193999,41.817335981
220166,2022,04/17/2023,Killingly,30 FORBES RD,10474800.00,48075000.00,0.2178,Industrial,,,,,POINT (-71.907952974 41.859400017),-71.907952974,41.859400017
220082,2022,12/22/2022,Ledyard,51 EAGLE RIDGE DR,222460.00,357000.00,0.6231,Residential,Single Family,,,,POINT (-72.060653983 41.411611005),-72.060653983,41.411611005
21272,2021,04/06/2022,Guilford,137 OLD QUARRY RD,1260000.00,1600000.00,0.7875,Residential,Single Family,,,,POINT (-72.732482968 41.255499987),-72.732482968,41.255499987
220442,2022,03/24/2023,Meriden,8 JACKSON ST,124740.00,325000.00,0.3838,Residential,Four Family,,,,POINT (-72.795065023 41.543150014),-72.795065023,41.543150014
220527,2022,04/24/2023,Meriden,154 CROWN VLG,35840.00,85000.00,0.4216,Residential,Condo,,,,POINT (-72.802965877 41.533404056),-72.802965877,41.533404056
210221,2021,12/01/2021,Hamden,85 ARCH ST,124880.00,250000.00,0.4995,Residential,Two Family,,,,POINT (-72.938462036 41.338536987),-72.938462036,41.338536987
220671,2022,06/26/2023,Meriden,380 PARKER AVE SO,106330.00,280000.00,0.3797,Residential,Single Family,,,,POINT (-72.794597984 41.523247981),-72.794597984,41.523247981
210328,2021,12/27/2021,Hamden,288 DAVIS ST,129150.00,263000.00,0.491,Residential,Single Family,,,,POINT (-72.899764969 41.339431001),-72.899764969,41.339431001
220917,2022,09/18/2023,Meriden,436 BLACKSTONE VLG,51100.00,45000.00,1.1356,Residential,Condo,08 - Part Interest,,,POINT (-72.782444978 41.551544993),-72.782444978,41.551544993
200639,2020,07/28/2021,Groton,4 TYLER AVE,259770.00,650000.00,0.399646154,Residential,Single Family,,,,POINT (-72.07229 41.32148),-72.07229,41.32148
200020,2020,10/06/2020,Groton,98 EAST SHORE AVE,654570.00,990000.00,0.661181818,Residential,Single Family,07 - Change in Property,TEAR DOWN,,POINT (-72.00446 41.31252),-72.00446,41.31252
22020,2022,11/15/2022,Middlebury,97 RIDGEWOOD DR,326100.00,500000.00,0.6522,Residential,Condo,,,,POINT (-73.13603572 41.515436221),-73.13603572,41.515436221
2100369,2021,09/12/2022,Madison,119 ISLAND AVE,486100.00,1250000.00,0.3888,Residential,Condo,,,,POINT (-72.600743512 41.270568157),-72.600743512,41.270568157
210086,2021,12/10/2021,Madison,164 MIDDLE BEACH RD,1431600.00,2241000.00,0.638821954,Residential,Single Family,,,,POINT (-72.586913031 41.271236004),-72.586913031,41.271236004
210167,2021,05/13/2022,Mansfield,OLD TURNPIKE RD PAR B,50200.00,100000.00,0.502,Vacant Land,,,,,POINT (-72.24846462 41.831660405),-72.24846462,41.831660405
220165,2022,03/01/2023,New London,15 CENTER ST,117390.00,285000.00,0.4118,Residential,Two Family,,,,POINT (-72.106592009 41.360181994),-72.106592009,41.360181994
220197,2022,03/31/2023,New London,14 THAMES ST,119350.00,285000.00,0.4187,Residential,Single Family,,,,POINT (-72.097235961 41.33289299),-72.097235961,41.33289299
210776,2021,04/29/2022,New Britain,291 MAIN ST,89390.00,125000.00,0.7151,Commercial,,,,,POINT (-72.781545014 41.668287009),-72.781545014,41.668287009
210131,2021,11/04/2021,New Britain,96 COMMONWEALTH AVE,110180.00,232500.00,0.4738,Residential,Single Family,,,,POINT (-72.786102003 41.686449),-72.786102003,41.686449
2200377,2022,07/07/2023,New Milford,3 SILVER BIRCH RD,272760.00,567500.00,0.4806,Residential,Single Family,,SALES RATIO,,POINT (-73.363443973 41.593389004),-73.363443973,41.593389004
22018,2022,03/13/2023,Norfolk,35 PARKER HILL RD,138620.00,380000.00,0.3648,Residential,Single Family,,,,POINT (-73.187962041 41.918188004),-73.187962041,41.918188004
210130,2021,01/10/2022,New Canaan,258 ELM ST,6132140.00,13500000.00,0.4542,Commercial,,,,,POINT (-73.499010025 41.145406999),-73.499010025,41.145406999
22230,2022,06/02/2023,North Haven,15 LAYDON AVE,176370.00,331000.00,0.5328,Residential,Single Family,,,,POINT (-72.852195992 41.37679698),-72.852195992,41.37679698
22046,2022,06/28/2023,Chester,264 MIDDLESEX AVE,455970.00,900000.00,0.5066,Commercial,,,VETERINARY CLINIC OF CHESTER,,POINT (-72.450141996 41.428068998),-72.450141996,41.428068998
200038,2020,10/09/2020,Meriden,41 SUNNY LANE,209440.00,307000.00,0.6822,Residential,Single Family,,,,POINT (-72.79013 41.51639),-72.79013,41.51639
210574,2021,03/10/2022,New Haven,316 GRAND AV,225110.00,400000.00,0.5627,Commercial,,,,,POINT (-72.899930008 41.30848799),-72.899930008,41.30848799
220753,2022,07/19/2023,Norwich,26 WARD ST,86100.00,180000.00,0.4783,Residential,Single Family,,,,POINT (-72.083297024 41.519865003),-72.083297024,41.519865003
220300,2022,02/17/2023,Greenwich,2 MORTIMER DRIVE,927990.00,1850000.00,0.5016,Residential,Single Family,,,,POINT (-73.569801987 41.02801702),-73.569801987,41.02801702
210473,2021,08/25/2022,New London,85 WEST ST,75110.00,205000.00,0.3663,Residential,Single Family,,,,POINT (-72.10808097 41.361274995),-72.10808097,41.361274995
21136,2021,11/30/2021,Newtown,7 POSSUM RIDGE ROAD,243280.00,482500.00,0.5042,Residential,Single Family,,,,POINT (-73.327759026 41.402458009),-73.327759026,41.402458009
220049,2022,05/22/2023,Sharon,19 W MAIN ST,192800.00,475000.00,0.4058,Commercial,,,,,POINT (-73.477894 41.879076996),-73.477894,41.879076996
213294,2021,11/30/2021,North Haven,27 DODGE AVE,943640.00,1600000.00,0.5897,Commercial,,,,,POINT (-72.844654039 41.420292017),-72.844654039,41.420292017
210618,2021,05/23/2022,Norwich,114 SHERATON LN,37400.00,100000.00,0.374,Residential,Condo,,,,POINT (-72.120742003 41.509616995),-72.120742003,41.509616995
210923,2021,08/24/2022,Norwich,5 ROBBINS CT,106400.00,175000.00,0.608,Residential,Two Family,,,,POINT (-72.071522964 41.525827009),-72.071522964,41.525827009
220779,2022,06/23/2023,Milford,23 PEARL ST,254300.00,650000.00,0.3912,Residential,Single Family,,,,POINT (-73.065448037 41.201803),-73.065448037,41.201803
220981,2022,09/29/2023,New Haven,748 QUINNIPIAC AV #11,123130.00,250000.00,0.4925,Residential,Condo,,,,POINT (-72.884489034 41.31024798),-72.884489034,41.31024798
21134,2021,01/31/2022,Plainfield,25 ROODE RD,266650.00,950000.00,0.2806,Industrial,,,,,POINT (-71.949970029 41.635752987),-71.949970029,41.635752987
21220,2021,05/03/2022,Plainfield,131 SQUAW ROCK RD,145570.00,355000.00,0.41,Residential,Single Family,,,,POINT (-71.888253992 41.72605102),-71.888253992,41.72605102
220103,2022,03/30/2023,Suffield,19 STRATTON FARMS RD,79310.00,115000.00,0.6896,Vacant Land,,,,,POINT (-72.755304041 42.007039991),-72.755304041,42.007039991
21176,2021,03/09/2022,Plainville,180 S WASHINGTON ST,63840.00,360000.00,0.1773,Vacant Land,,,,,POINT (-72.874505014 41.659472013),-72.874505014,41.659472013
210047,2021,02/03/2022,Preston,153A ROUTE 12,151200.00,290000.00,0.5213,Residential,Single Family,,,,POINT (-72.061471973 41.47311498),-72.061471973,41.47311498
220345,2022,02/21/2023,Torrington,114 WORKMAN AVE,72730.00,150000.00,0.4848,Commercial,,,,,POINT (-73.134693035 41.806775998),-73.134693035,41.806775998
21291,2021,05/05/2022,Ridgefield,5 STANDISH DR,445440.00,900000.00,0.4949,Residential,Single Family,,,,POINT (-73.469619971 41.286827014),-73.469619971,41.286827014
220324,2022,04/26/2023,Wallingford,28 GEORGE ST,152500.00,390000.00,0.3910,Residential,Three Family,,,,POINT (-72.829340972 41.44998998),-72.829340972,41.44998998
220209,2022,12/22/2022,New Haven,545 ELLSWORTH AV,266070.00,390000.00,0.6822,Residential,Single Family,,,,POINT (-72.943520012 41.324899002),-72.943520012,41.324899002
220940,2022,04/06/2023,Waterbury,22 LISA COURT UNIT 5,32448.00,70000.00,0.4635,Residential,Condo,,,,POINT (-73.027556973 41.595491982),-73.027556973,41.595491982
21075,2021,11/15/2021,Southbury,887 SOUTHFORD RD,251170.00,462500.00,0.543,Residential,Single Family,,,,POINT (-73.18041003 41.472002995),-73.18041003,41.472002995
220822,2022,08/07/2023,New Haven,124 COURT ST #11,123410.00,235000.00,0.5251,Residential,Condo,,,,POINT (-72.923128015 41.306048018),-72.923128015,41.306048018
221296,2022,06/22/2023,Waterbury,61 OAK ST,76983.00,410000.00,0.1877,Residential,Two Family,,,,POINT (-73.023786961 41.559644007),-73.023786961,41.559644007
213533,2021,07/01/2022,Southbury,76 FAWN RIDGE CT,307910.00,712000.00,0.4324,Residential,Single Family,,,,POINT (-73.244940961 41.498778985),-73.244940961,41.498778985
220127,2022,02/06/2023,Avon,101 WILD WOOD DRIVE,482560.00,800000.00,0.6032,Residential,Single Family,,,,POINT (-72.898365023 41.796324016),-72.898365023,41.796324016
21070,2021,11/18/2021,Stafford,155 WALES RD,35140.00,34350.00,1.0229,Vacant Land,,,,,POINT (-72.252703856 42.016435568),-72.252703856,42.016435568
2101412,2021,05/02/2022,Stamford,11 BERTMOR DRIVE,389170.00,775000.00,0.5021,Residential,Single Family,,,,POINT (-73.533210034 41.097502998),-73.533210034,41.097502998
2102049,2021,07/28/2022,Stamford,91 STRAWBERRY HILL AVE #224,130350.00,145000.00,0.8989,Residential,Condo,,EXECUTOR'S DEED,,POINT (-73.532295988 41.063903007),-73.532295988,41.063903007
2102154,2021,08/12/2022,Stamford,49 HINCKLEY AVENUE,391700.00,740000.00,0.5293,Residential,Two Family,,,,POINT (-73.550913033 41.056668),-73.550913033,41.056668
2100154,2021,10/19/2021,Stamford,99 OLD BARN ROAD WEST,292910.00,530000.00,0.5526,Residential,Single Family,,,,POINT (-73.555591979 41.071525007),-73.555591979,41.071525007
220019,2022,10/18/2022,Windsor,324 KINGS LANDING,149450.00,350000.00,0.4270,Residential,Condo,,,,POINT (-72.673653994 41.821512013),-72.673653994,41.821512013
220900004,2022,09/06/2023,Woodbury,TUTTLE RD,56560.00,80000.00,0.7070,Vacant Land,,,,,POINT (-73.180912662 41.535985345),-73.180912662,41.535985345
220105,2022,11/14/2022,Hartford,67 CONGRESS AVE 067C,33773.00,125000.00,0.2702,Residential,Condo,,,,POINT (-72.676278033 41.753018997),-72.676278033,41.753018997
220644,2022,02/14/2023,Bridgeport,329 PEARL ST #331,168500.00,300000.00,0.5616,Residential,Three Family,,,,POINT (-73.177579964 41.195217004),-73.177579964,41.195217004
220060,2022,01/03/2023,East Windsor,108 RYE ST,108620.00,200000.00,0.5431,Residential,Single Family,01 - Family,,,POINT (-72.556613038 41.900422979),-72.556613038,41.900422979
220031,2022,10/21/2022,Avon,38 LORD DAVIS LANE,462850.00,860000.00,0.5381,Residential,Single Family,,,,POINT (-72.82564799 41.792693982),-72.82564799,41.792693982
220879,2022,08/21/2023,Hartford,45-51 WILLARD ST UNIT 3EL,14222.00,69900.00,0.2034,Residential,Condo,,,,POINT (-72.695043018 41.772539989),-72.695043018,41.772539989
220040,2022,11/01/2022,New Canaan,PASTURES LA,675150.00,1450000.00,0.4656,Vacant Land,,,MAP/BLOCK/LOT = 44 109 246,,POINT (-73.465820715 41.156479755),-73.465820715,41.156479755
2200166,2022,01/27/2023,New Milford,28 BIRCHWOOD DR,168140.00,400000.00,0.4204,Residential,Single Family,,SALES RATIO,,POINT (-73.412279037 41.59633298),-73.412279037,41.59633298
221641,2022,02/07/2023,Manchester,34J GARDEN DRIVE & 14A GARDEN,79800.00,165000.00,0.4836,Residential,Condo,25 - Other,SALES PRICE INCLUDES TWO PARCELS,,POINT (-72.522214964 41.768185004),-72.522214964,41.768185004
22211,2022,04/28/2023,Montville,41 CAROL DR,206410.00,355000.00,0.5814,Residential,Single Family,,,,POINT (-72.147517992 41.452868996),-72.147517992,41.452868996
220025,2022,10/11/2022,Meriden,16 NO SPRING ST,113120.00,210000.00,0.5386,Residential,Single Family,,,,POINT (-72.808251014 41.543141003),-72.808251014,41.543141003
220082,2022,12/12/2022,Madison,24A WILSHIRE RD,233100.00,210000.00,1.1100,Residential,Condo,08 - Part Interest,sale of 1/2 interest,,POINT (-72.581078975 41.280806),-72.581078975,41.280806
22138,2022,09/18/2023,Beacon Falls,104 FIELDSTONE LANE,0.00,616335.00,0.0000,Residential,Condo,07 - Change in Property,NEW CONSTRUCTION,,POINT (-73.038394587 41.426291767),-73.038394587,41.426291767
2222100,2022,02/21/2023,Ansonia,124 TREMONT ST,120960.00,105000.00,1.1520,Residential,Single Family,26 - Rehabilitation Deferred,SOLD OUT OF FCL WITHOUT REPAIRING,,POINT (-73.074479035 41.342346017),-73.074479035,41.342346017
220249,2022,01/17/2023,Greenwich,110 SHEEPHILL ROAD,509600.00,700000.00,0.7280,Residential,Single Family,,,,POINT (-73.58336399 41.049459982),-73.58336399,41.049459982
220252,2022,07/03/2023,Madison,258 OPENING HILL RD,236000.00,635000.00,0.3716,Residential,Single Family,,,,POINT (-72.632091992 41.320242016),-72.632091992,41.320242016
2200060,2022,11/14/2022,New Milford,36 MIST HILL DR,198190.00,455000.00,0.4356,Residential,Single Family,,SALES RATIO,,POINT (-73.435065995 41.504396997),-73.435065995,41.504396997
220156,2022,08/18/2023,North Branford,15 CONIFER DR,184000.00,457000.00,0.4026,Residential,Single Family,,,,POINT (-72.75963372 41.284453859),-72.75963372,41.284453859
220211,2022,01/18/2023,Litchfield,104 MEADOW ST,137910.00,513000.00,0.2688,Residential,Single Family,07 - Change in Property,,TOTAL RENOVATION PER MLS,POINT (-73.191140039 41.743092016),-73.191140039,41.743092016
220147,2022,05/02/2023,Colchester,30 VICKI LN,139800.00,265000.00,0.5275,Residential,Single Family,,CONDO,,POINT (-72.341351012 41.582668005),-72.341351012,41.582668005
220127,2022,05/08/2023,Coventry,10 MARK DR,150900.00,310000.00,0.4867,Residential,Single Family,,,,POINT (-72.386269966 41.798926011),-72.386269966,41.798926011
2200461,2022,06/26/2023,East Hartford,7 STRAWBERRY LN,181350.00,360000.00,0.5037,Residential,Condo,,,,POINT (-72.603793197 41.764480413),-72.603793197,41.764480413
22079,2022,08/14/2023,Columbia,6 STRICKLAND ROAD,142100.00,355000.00,0.4002,Residential,Single Family,,,,POINT (-72.300806992 41.72348599),-72.300806992,41.72348599
220748,2022,06/06/2023,Milford,49 AUDUBON CLOSE,259460.00,455000.00,0.5702,Residential,Condo,,,,POINT (-73.086763701 41.218971024),-73.086763701,41.218971024
2200337,2022,05/08/2023,Naugatuck,181 GORMAN ST,193270.00,290000.00,0.6664,Residential,Single Family,,,,POINT (-73.057543986 41.479456016),-73.057543986,41.479456016
220115,2022,02/06/2023,Killingly,491 WESTCOTT RD,105980.00,150000.00,0.7065,Residential,Single Family,,,,POINT (-71.852001004 41.798666004),-71.852001004,41.798666004
220473,2022,01/30/2023,Fairfield,13 BOND STREET,272370.00,390000.00,0.6983,Residential,Single Family,,,,POINT (-73.240941033 41.20279898),-73.240941033,41.20279898
220287,2022,08/21/2023,Griswold,29 TRACY AVE,175140.00,407500.00,0.4297,Apartments,,,MULTI-FAM APTS,,POINT (-71.982067019 41.607687986),-71.982067019,41.607687986
220559,2022,05/08/2023,Hamden,900 SHERMAN AVE,248640.00,10000.00,24.8640,Vacant Land,,25 - Other,LOW SALES PRICE; MULTIPLE DEEDS,,POINT (-72.915693688 41.400127449),-72.915693688,41.400127449
220891,2022,08/29/2023,New Haven,646 WOODWARD AV,183750.00,340000.00,0.5404,Residential,Single Family,,,,POINT (-72.895753976 41.286430006),-72.895753976,41.286430006
220455,2022,03/30/2023,Meriden,50 SUNBRIGHT DR NO,118580.00,125000.00,0.9486,Residential,Single Family,09 - Tax,TAX SALE BY TOWN,,POINT (-72.772019986 41.536752987),-72.772019986,41.536752987
220679,2022,02/17/2023,Bridgeport,518 NOBLE AVE #520,158385.00,415000.00,0.3816,Residential,Three Family,,,,POINT (-73.184111981 41.188650998),-73.184111981,41.188650998
2200031,2022,10/28/2022,East Haven,65 RUSSO AVE #A5,95130.00,158100.00,0.6017,Residential,Condo,,,,POINT (-72.858776037 41.315438012),-72.858776037,41.315438012
222323,2022,08/21/2023,Bridgeport,2660 NORTH AVE UNIT 240,96190.00,260000.00,0.3699,Residential,Condo,,,,POINT (-73.22075498 41.177351983),-73.22075498,41.177351983
22000028,2022,07/25/2023,Hampton,981 PUDDING HILL RD,126540.00,340000.00,0.3721,Residential,Single Family,,,,POINT (-72.058875008 41.764582001),-72.058875008,41.764582001
220087,2022,06/21/2023,Easton,15 ORCHARD LANE,286300.00,801000.00,0.3574,Residential,Single Family,,,,POINT (-73.301222005 41.260810006),-73.301222005,41.260810006
220199,2022,07/20/2023,Colchester,28 COLBURN DR,56500.00,76000.00,0.7434,Vacant Land,,,,,POINT (-72.270165017 41.543433993),-72.270165017,41.543433993
2200341,2022,05/11/2023,Naugatuck,80 NORTH HOADLEY ST,171570.00,294900.00,0.5817,Residential,Single Family,,,,POINT (-73.065332031 41.496816991),-73.065332031,41.496816991
220006,2022,10/10/2022,Bloomfield,5 STILLMAN RD,159950.00,340000.00,0.4704,Residential,Single Family,,,,POINT (-72.729759017 41.810437004),-72.729759017,41.810437004
220585,2022,06/27/2023,Branford,27 BRAINERD RD UNIT B,184700.00,390000.00,0.4735,Residential,Single Family,,DUPLEX,,POINT (-72.843331039 41.277166997),-72.843331039,41.277166997
220910,2022,09/05/2023,New Haven,29 ASSUMPTION ST,144270.00,240000.00,0.6011,Residential,Single Family,,,,POINT (-72.870724021 41.328406996),-72.870724021,41.328406996
220009,2022,10/11/2022,Colchester,43 CATO CORNER RD,215500.00,322900.00,0.6673,Residential,Single Family,,,,POINT (-72.381113 41.559651006),-72.381113,41.559651006
22015,2022,10/24/2022,Columbia,28 CHESBRO BRIDGE ROAD,304080.00,810000.00,0.3754,Residential,Single Family,,ALSO LAND SALE CHESBRO BRIDGE ROAD,,POINT (-72.296247991 41.663843008),-72.296247991,41.663843008
220036,2022,04/18/2023,Bethlehem,11 MAIN ST S,317500.00,620000.00,0.5120,Residential,Single Family,,,,POINT (-73.208120015 41.638616999),-73.208120015,41.638616999
220527,2022,03/06/2023,Fairfield,240 SUNNYRIDGE AVE  UNIT 77,159320.00,301000.00,0.5293,Residential,Condo,07 - Change in Property,UPDATES & UPGRADES,,POINT (-73.238502989 41.167896987),-73.238502989,41.167896987
222124,2022,07/05/2023,Bridgeport,173 BENNETT ST,138730.00,370000.00,0.3749,Residential,Single Family,,,,POINT (-73.230219992 41.158150007),-73.230219992,41.158150007
2200390,2022,05/22/2023,East Hartford,45 BRIARWOOD LN,207650.00,275000.00,0.7550,Residential,Single Family,25 - Other,ESTATE,,POINT (-72.603677005 41.761817984),-72.603677005,41.761817984
221968,2022,07/27/2023,Manchester,935 MAIN STREET UNIT D2,110400.00,162000.00,0.6814,Commercial,,,,,POINT (-72.520127032 41.769394009),-72.520127032,41.769394009
220004,2022,10/12/2022,Hebron,80 WELLSWOOD RD UNIT 8,81900.00,150000.00,0.5460,Residential,Condo,,,,POINT (-72.345104009 41.661088002),-72.345104009,41.661088002
221033,2022,09/01/2023,Milford,25 AUGUSTA DR,441870.00,768000.00,0.5753,Residential,Single Family,,,,POINT (-73.078565967 41.270284993),-73.078565967,41.270284993
220553,2022,03/21/2023,Fairfield,1319 STILLSON ROAD,600880.00,1365000.00,0.4402,Residential,Single Family,07 - Change in Property,UPDATES & UPGRADES,,POINT (-73.26396302 41.173066986),-73.26396302,41.173066986
220270,2022,03/02/2023,Enfield,4 HOWARD ST,141400.00,269900.00,0.5238,Residential,Single Family,,,,POINT (-72.567002993 41.967453981),-72.567002993,41.967453981
221932,2022,05/25/2023,Bridgeport,22 EVERGREEN ST,167640.00,440000.00,0.3810,Residential,Three Family,,,,POINT (-73.192882972 41.195695988),-73.192882972,41.195695988
220278,2022,01/24/2023,New Haven,132 DERBY AV,191800.00,278000.00,0.6899,Residential,Three Family,,,,POINT (-72.950664998 41.310376013),-72.950664998,41.310376013
220684,2022,06/16/2023,Hamden,75 SANTA FE AVE,388640.00,818500.00,0.4748,Residential,Single Family,,,,POINT (-72.90641802 41.362399008),-72.90641802,41.362399008
220054,2022,05/04/2023,Lisbon,78 RIMEK RD,124370.00,225000.00,0.5527,Residential,Single Family,,W0177700,,POINT (-72.023149995 41.560590994),-72.023149995,41.560590994
22134,2022,02/23/2023,North Haven,6 LIBERTY TERR,203380.00,260000.00,0.7822,Residential,Single Family,26 - Rehabilitation Deferred,,,POINT (-72.877842017 41.392408987),-72.877842017,41.392408987
22312,2022,06/21/2023,Darien,16 PLYMOUTH ROAD,1595160.00,3195000.00,0.4992,Residential,Single Family,,,,POINT (-73.487627988 41.046431014),-73.487627988,41.046431014
220900,2022,08/16/2023,Hamden,34 SQUIRE LA,207130.00,490000.00,0.4227,Residential,Single Family,,,,POINT (-72.882042021 41.445087991),-72.882042021,41.445087991
220297,2022,09/22/2023,Brookfield,69 OBTUSE ROAD SOUTH,84040.00,140000.00,0.6002,Vacant Land,,,,,POINT (-73.361423483 41.466106954),-73.361423483,41.466106954
220345,2022,03/10/2023,Greenwich,9 ROBIN PLACE,1471470.00,2585000.00,0.5692,Residential,Single Family,,,,POINT (-73.571617004 41.056319983),-73.571617004,41.056319983
22100,2022,06/08/2023,Burlington,451 SPIELMAN HWY,143570.00,330000.00,0.4351,Residential,Single Family,,,GOOD SALE PER MLS,POINT (-72.996270011 41.776912996),-72.996270011,41.776912996
220244,2022,07/13/2023,Ledyard,10 HERMITAGE DR,201530.00,460000.00,0.4381,Residential,Single Family,,,,POINT (-72.065898037 41.417726987),-72.065898037,41.417726987
2200398,2022,06/27/2023,Naugatuck,6 PINEWOOD CROSSING SOUTH,282590.00,525000.00,0.5382,Residential,Single Family,,,,POINT (-73.013875025 41.499909997),-73.013875025,41.499909997
220506,2022,04/21/2023,Branford,ANCHOR REEF CLUB 17E,137000.00,275000.00,0.4981,Residential,Condo,,,,POINT (-72.773544965 41.265420919),-72.773544965,41.265420919
220071,2022,01/24/2023,East Windsor,72 ROCKVILLE RD,140890.00,285000.00,0.4943,Residential,Single Family,,,,POINT (-72.530435013 41.881895998),-72.530435013,41.881895998
22161,2022,03/24/2023,North Haven,45 BLEECKER CIR,257180.00,489900.00,0.5250,Residential,Condo,07 - Change in Property,NOT COMPLETE ON 10/01/22,,POINT (-72.8608944 41.388683),-72.8608944,41.388683
220002,2022,10/06/2022,Lyme,12 HONEY HILL RD,161800.00,425000.00,0.3807,Residential,Single Family,,,,POINT (-72.388018012 41.423377982),-72.388018012,41.423377982
220421,2022,01/30/2023,Branford,BUCKLEY RD,127600.00,27321.00,4.6704,Vacant Land,,03 - Inter Corporation,"2 PARCELS IN ONE DEED/ 16 BUCKLEY RD =$72,600",,POINT (-72.801498971 41.270445556),-72.801498971,41.270445556
22250,2022,09/12/2023,Monroe,60 OLD COLONY RD,296900.00,636000.00,0.4668,Residential,Single Family,,,,POINT (-73.246332022 41.320442008),-73.246332022,41.320442008
220091,2022,11/01/2022,Milford,118 GULF ST #15,207680.00,350000.00,0.5933,Residential,Condo,,,,POINT (-73.048577026 41.223406015),-73.048577026,41.223406015
22113,2022,06/29/2023,Burlington,48 HUNTERS CROSSING,334950.00,750000.00,0.4466,Residential,Single Family,,,,POINT (-72.94037202 41.790226014),-72.94037202,41.790226014
220942,2022,04/11/2023,Bridgeport,161 SHERWOOD AVE #163,204130.00,480000.00,0.4252,Residential,Two Family,,,,POINT (-73.205904008 41.176400008),-73.205904008,41.176400008
220605,2022,06/05/2023,New Haven,105 BARCLAY ST,300580.00,500000.00,0.6011,Industrial,,,INCLUDES ACCESSORY LOTS 125-135 ADELINE ST,,POINT (-72.943444994 41.294129999),-72.943444994,41.294129999
22224,2022,05/19/2023,Montville,7 KILLEEN RD,170170.00,280000.00,0.6077,Residential,Single Family,16 - Charitable Group,SALE FROM A CHARITABLE ORGANIZATION,,POINT (-72.115184968 41.427397985),-72.115184968,41.427397985
220190,2022,08/29/2023,Ellington,10 AZALEA LN,297260.00,595000.00,0.4995,Residential,Single Family,,,,POINT (-72.361265995 41.92667401),-72.361265995,41.92667401
220308,2022,08/31/2023,Killingly,91 GLORIA AV,170460.00,425000.00,0.4010,Residential,Single Family,,,,POINT (-71.903095996 41.772130994),-71.903095996,41.772130994
220549,2022,07/28/2023,Enfield,24 SPIER AVE,182600.00,312000.00,0.5852,Residential,Single Family,,,,POINT (-72.59708204 41.985183005),-72.59708204,41.985183005
22055,2022,03/30/2023,Beacon Falls,75 FAIRFIELD PLACE,37490.00,395000.00,0.0949,Vacant Land,,25 - Other,SUBDIVISION PURCHASED FROM ESTATE,,POINT (-73.059274011 41.444300009),-73.059274011,41.444300009
2200459,2022,06/23/2023,East Hartford,5 COMANCHE RD,38870.00,70000.00,0.5552,Residential,Condo,,MOBILE HOME,,POINT (-72.63626867 41.734813516),-72.63626867,41.734813516
2200432,2022,08/15/2023,New Milford,63 SULLIVAN FARM,174580.00,349995.00,0.4988,Residential,Condo,,SALES RATIO,,POINT (-73.433093984 41.526118993),-73.433093984,41.526118993
220297,2022,08/15/2023,Madison,22 SILO HILL,453000.00,981000.00,0.4617,Residential,Single Family,,,,POINT (-72.652394973 41.335824016),-72.652394973,41.335824016
220127,2022,11/21/2022,Meriden,134 BALDWIN ST,159530.00,272500.00,0.5854,Residential,Single Family,,,,POINT (-72.819945027 41.523641009),-72.819945027,41.523641009
220039,2022,11/02/2022,Madison,20 BARBERRY LN,717100.00,809000.00,0.8864,Residential,Single Family,25 - Other,sale by trustee to themself,,POINT (-72.574903021 41.272514999),-72.574903021,41.272514999
22009,2022,10/21/2022,Lebanon,NORWICH AVE (276-51),4470.00,95000.00,0.0470,Vacant Land,,28 - Use Assessment,,,POINT (-72.228108812 41.571937688),-72.228108812,41.571937688
220160,2022,07/11/2023,Ellington,26 GRAND BLVD,198650.00,446000.00,0.4454,Residential,Condo,,,,POINT (-72.477611002 41.870325996),-72.477611002,41.870325996
220761,2022,07/25/2023,Meriden,9 FIESTA HGTS,178430.00,290000.00,0.6153,Residential,Single Family,25 - Other,NOT OPENLY MARKETED SOLD TO TENANT,,POINT (-72.829304008 41.542108982),-72.829304008,41.542108982
220039,2022,12/08/2022,Canton,9 FOREST LANE,140230.00,330000.00,0.4249,Residential,Single Family,,,,POINT (-72.875374971 41.820469011),-72.875374971,41.820469011
220297,2022,01/26/2023,Meriden,142 BRITANNIA ST,113330.00,165000.00,0.6868,Residential,Single Family,,,,POINT (-72.788738028 41.54937299),-72.788738028,41.54937299
2200186,2022,03/06/2023,East Haven,96 PROSPECT RD,183050.00,330000.00,0.5546,Residential,Single Family,,,,POINT (-72.873692975 41.272604014),-72.873692975,41.272604014
220555,2022,05/04/2023,Meriden,61 NO PEARL ST,128870.00,204000.00,0.6317,Residential,Single Family,,,,POINT (-72.78229402 41.535789991),-72.78229402,41.535789991
220656,2022,06/08/2023,Hamden,24 FANS ROCK RD,165690.00,345000.00,0.4802,Residential,Single Family,,,,POINT (-72.923448036 41.415750995),-72.923448036,41.415750995
220098,2022,05/03/2023,Canton,15 BIRCH ROAD,130940.00,302500.00,0.4328,Residential,Single Family,,,,POINT (-72.877156964 41.815202996),-72.877156964,41.815202996
2200461,2022,08/02/2023,Naugatuck,66-3 LANTERN PARK DRIVE,88200.00,172000.00,0.5127,Residential,Condo,,,,POINT (-73.066755027 41.508326014),-73.066755027,41.508326014
220085,2022,12/27/2022,Brookfield,934 FEDERAL ROAD,362920.00,1100000.00,0.3299,Industrial,,06 - Portion of Property,"NO MLS & 1ST DEED HAS DECEASED OWNER IN ERROR & 2ND DEED FOLLOWED REGARDING A ""PARCEL X"" WITH QUESTI",,POINT (-73.414823028 41.489175),-73.414823028,41.489175
220067,2022,11/01/2022,Branford,79 MONTOYA,94900.00,234000.00,0.4055,Residential,Condo,,,,POINT (-72.827900039 41.282571019),-72.827900039,41.282571019
220295,2022,01/25/2023,Meriden,19 SWAIN AVE,149450.00,260000.00,0.5748,Residential,Two Family,,,,POINT (-72.780130986 41.52910098),-72.780130986,41.52910098
220184,2022,06/30/2023,Colchester,23 VILLAGE CT,215600.00,385000.00,0.5600,Residential,Condo,,,,POINT (-72.333710991 41.581546004),-72.333710991,41.581546004
220924,2022,09/11/2023,Greenwich,NORTH STREET 0051,1569750.00,2562500.00,0.6125,Residential,Single Family,,,,POINT (-73.622110008 41.041267007),-73.622110008,41.041267007
220021,2022,10/26/2022,Bloomfield,34 COLD SPRING DR,189840.00,360000.00,0.5273,Residential,Single Family,,,,POINT (-72.772203969 41.823728984),-72.772203969,41.823728984
220038,2022,12/28/2022,Hebron,302 JAGGER LANE,261590.00,434900.00,0.6014,Residential,Single Family,,,,POINT (-72.408165006 41.694352004),-72.408165006,41.694352004
220073,2022,11/02/2022,Fairfield,66 CAMPFIELD DRIVE,226660.00,325000.00,0.6974,Residential,Two Family,25 - Other,ESTATE SALE,,POINT (-73.239212014 41.184834005),-73.239212014,41.184834005
220955,2022,09/05/2023,Hamden,39 IVES ST U308,124040.00,290000.00,0.4277,Residential,Condo,,,,POINT (-72.897015034 41.402366982),-72.897015034,41.402366982
220637,2022,08/01/2023,Branford,2F STONEGATE,101100.00,220000.00,0.4595,Residential,Condo,,,,POINT (-72.83491301 41.270030016),-72.83491301,41.270030016
220426,2022,03/20/2023,Meriden,83 COLONY BROOK PARK,33530.00,67000.00,0.5004,Residential,Single Family,25 - Other,ESTATE SALE OF MOBILE HOME,,POINT (-72.81498579 41.511391255),-72.81498579,41.511391255
2200278,2022,05/02/2023,New Milford,51 BULLYMUCK RD,254050.00,467000.00,0.5440,Residential,Single Family,,,,POINT (-73.468089017 41.57834001),-73.468089017,41.57834001
220971,2022,09/25/2023,Hartford,178 PARK ST UNIT D,20176.00,35000.00,0.5764,Residential,Condo,,,,POINT (-72.67908597 41.757799993),-72.67908597,41.757799993
221838,2022,05/31/2023,Manchester,28 PROSPECT STREET UNIT 11,45900.00,87000.00,0.5275,Residential,Condo,,,,POINT (-72.531802017 41.764032986),-72.531802017,41.764032986
220577,2022,01/26/2023,Bridgeport,251 JANE ST #257,142820.00,340000.00,0.4200,Residential,Single Family,,,,POINT (-73.181106985 41.190380017),-73.181106985,41.190380017
220116,2022,03/23/2023,East Hampton,16 CORNWELL TERRACE,162270.00,357000.00,0.4545,Residential,Single Family,25 - Other,ESTATE,,POINT (-72.513228977 41.600891017),-72.513228977,41.600891017
220232,2022,08/18/2023,Colchester,31 COLCHESTER COMMONS,75000.00,155000.00,0.4838,Residential,Single Family,,MOBILE HOME,,POINT (-72.28473201 41.589006987),-72.28473201,41.589006987
22246,2022,06/23/2023,North Haven,417 WASHINGTON AVE,224000.00,4250000.00,0.0527,Industrial,,25 - Other,SOLD WITH 413-419-425 WASHINGTON AVE,,POINT (-72.842942784 41.410380613),-72.842942784,41.410380613
220346,2022,04/18/2023,Enfield,16 BRAINARD RD,147000.00,230000.00,0.6391,Residential,Single Family,14 - Foreclosure,,,POINT (-72.591226023 42.013145998),-72.591226023,42.013145998
220875,2022,07/19/2023,Milford,300 MEADOWSIDE RD #202,82610.00,100000.00,0.8261,Residential,Condo,,,,POINT (-73.073864976 41.208242984),-73.073864976,41.208242984
22151,2022,03/14/2023,North Haven,8 STATE ST,174620.00,275000.00,0.6349,Residential,Single Family,01 - Family,,,POINT (-72.872113992 41.39339801),-72.872113992,41.39339801
220066,2022,12/06/2022,Brookfield,60 BERKSHIRE DRIVE,306650.00,385000.00,0.7964,Residential,Single Family,14 - Foreclosure,,,POINT (-73.440156995 41.472151983),-73.440156995,41.472151983
22035,2022,04/18/2023,Bolton,280 BOLTON CENTER RD,158700.00,285000.00,0.5568,Residential,Single Family,,,,POINT (-72.423312027 41.770766001),-72.423312027,41.770766001
220069,2022,04/13/2023,Hebron,17 BASS LAKE RD,216090.00,490000.00,0.4410,Residential,Single Family,,,,POINT (-72.329820028 41.620054018),-72.329820028,41.620054018
2200504,2022,07/25/2023,East Hartford,63 GRANDE RD,146090.00,300000.00,0.4869,Residential,Single Family,,,,POINT (-72.583042017 41.753866995),-72.583042017,41.753866995
220616,2022,06/08/2023,New Haven,786 CHAPEL ST,391720.00,640000.00,0.6120,Commercial,,,,,POINT (-72.923958997 41.305043991),-72.923958997,41.305043991
220113,2022,11/22/2022,Fairfield,21 CHANDLERS LANE SOUTH,522550.00,890000.00,0.5871,Residential,Single Family,,,,POINT (-73.277727027 41.200714987),-73.277727027,41.200714987
220229,2022,06/26/2023,Ledyard,135 WHALEHEAD RD,172060.00,300000.00,0.5735,Residential,Single Family,01 - Family,FAMILY,,POINT (-72.057136014 41.442843988),-72.057136014,41.442843988
220145,2022,04/03/2023,Colchester,67 STANDISH RD,254900.00,405000.00,0.6293,Residential,Single Family,,,,POINT (-72.376072962 41.548869992),-72.376072962,41.548869992
22097,2022,03/13/2023,Derby,130 HIGH ST,67060.00,17501.00,3.8317,Residential,Single Family,14 - Foreclosure,,,POINT (-73.07590203 41.318416983),-73.07590203,41.318416983
220015,2022,10/12/2022,Avon,3 FOREST HILLS DRIVE,162510.00,324900.00,0.5001,Residential,Single Family,,,,POINT (-72.863124988 41.807259005),-72.863124988,41.807259005
22061,2022,12/19/2022,Monroe,43 CHALK HILL RD,195900.00,370000.00,0.5294,Residential,Single Family,,,,POINT (-73.235406966 41.34262899),-73.235406966,41.34262899
220887,2022,08/24/2023,Hartford,59 EAST ST,53839.00,360000.00,0.1496,Residential,Three Family,07 - Change in Property,,TOTAL RENOVATION PER MLS,POINT (-72.67936098 41.777597001),-72.67936098,41.777597001
220199,2022,05/23/2023,New Canaan,35 BANK ST-UNIT 10,599830.00,1050000.00,0.5712,Residential,Condo,,,,POINT (-73.492417994 41.139239008),-73.492417994,41.139239008
220154,2022,03/20/2023,East Lyme,65 SEA CREST AVE,191240.00,440000.00,0.4346,Residential,Single Family,,,,POINT (-72.209916987 41.296092999),-72.209916987,41.296092999
220002,2022,10/04/2022,Brookfield,14 WOOD CREEK RD,319240.00,520000.00,0.6139,Residential,Single Family,,"MLS SALE, RECENT RESALE ADDED FINISHED BASEMENT WITHOUT PERMITS",,POINT (-73.426260973 41.48435901),-73.426260973,41.48435901
220240,2022,12/08/2022,Milford,7 ALANA DR #47,243200.00,410000.00,0.5931,Residential,Condo,,,,POINT (-73.080225433 41.217318169),-73.080225433,41.217318169
220600,2022,05/24/2023,Meriden,37 LANOUETTE ST,134540.00,39000.00,3.4497,Residential,Single Family,25 - Other,SALE MADE TO RESTORATION COMPANY,,POINT (-72.812366026 41.524330001),-72.812366026,41.524330001
220017,2022,11/21/2022,Middlefield,80 MAIN ST,189400.00,305000.00,0.6209,Residential,Single Family,25 - Other,ESTATE SALE FROM 4 DESCENDANTS,,POINT (-72.688565987 41.530673006),-72.688565987,41.530673006
220099,2022,03/15/2023,Clinton,137 EAST MAIN ST,196200.00,340000.00,0.5770,Residential,Four Family,,,,POINT (-72.515609019 41.276754984),-72.515609019,41.276754984
221317,2022,08/09/2023,Fairfield,321 CASTLE AVENUE,226870.00,525000.00,0.4321,Residential,Single Family,07 - Change in Property,UPDATES & UPGRADES,,POINT (-73.233458005 41.16839198),-73.233458005,41.16839198
22115,2022,04/10/2023,Derby,1 FIFTH ST,65660.00,105000.00,0.6253,Residential,Single Family,,,,POINT (-73.08782403 41.323232009),-73.08782403,41.323232009
220945,2022,08/08/2023,Milford,0 CASWELL COVE MARINA #C2,9800.00,19000.00,0.5157,Residential,Condo,,DOCK,,POINT (-73.1059559 41.22092),-73.1059559,41.22092
220226,2022,12/27/2022,Hamden,35 BENHAM ST,122360.00,212000.00,0.5771,Residential,Single Family,,,,POINT (-72.924956024 41.363407016),-72.924956024,41.363407016
220173,2022,04/25/2023,Madison,209 RIVER RD,227100.00,475000.00,0.4781,Residential,Single Family,07 - Change in Property,,TOTAL RENOVATION PER MLS - SEE PREVIOUS SALE #220063,POINT (-72.562252969 41.283307998),-72.562252969,41.283307998
220598,2022,08/18/2023,Enfield,329 ABBE RD,174200.00,285000.00,0.6112,Residential,Single Family,,,,POINT (-72.530606004 41.94732199),-72.530606004,41.94732199
220063,2022,12/05/2022,Colchester,OLD HARTFORD RD,50400.00,115000.00,0.4382,Vacant Land,,,,,POINT (-72.377595911 41.585882641),-72.377595911,41.585882641
220203,2022,12/20/2022,Meriden,157 WILLIAMS ST,147070.00,225000.00,0.6536,Residential,Single Family,,,,POINT (-72.776555015 41.533462001),-72.776555015,41.533462001
220326,2022,08/02/2023,New London,461 BANK ST #603,197230.00,329900.00,0.5978,Residential,Condo,,,,POINT (-72.100232994 41.35068798),-72.100232994,41.35068798
220259,2022,09/15/2023,East Hampton,211 MIDDLE HADDAM RD,421650.00,1500000.00,0.2811,Residential,Single Family,25 - Other,PRIVATE SALE,,POINT (-72.543269466 41.535435381),-72.543269466,41.535435381
22193,2022,07/12/2023,Monroe,11 TURTLEBROOK TRAIL,170000.00,351500.00,0.4836,Residential,Condo,,,,POINT (-73.259288014 41.336960979),-73.259288014,41.336960979
22333,2022,09/21/2023,Montville,24 TORY DR,221620.00,410000.00,0.5405,Residential,Single Family,16 - Charitable Group,SOLD TO A CHARITABLE ORGANIZATION,,POINT (-72.111694995 41.494454006),-72.111694995,41.494454006
221774,2022,04/28/2023,Manchester,102 WETHERELL STREET UNIT 12,129200.00,221500.00,0.5832,Residential,Condo,25 - Other,EXECUTORS DEED,,POINT (-72.545741039 41.761436021),-72.545741039,41.761436021
221914,2022,05/22/2023,Bridgeport,216 MACON DR,160960.00,420000.00,0.3832,Residential,Single Family,,,,POINT (-73.226524998 41.224292988),-73.226524998,41.224292988
220240,2022,12/22/2022,Hartford,65 LINNMOORE ST,87392.00,290000.00,0.3013,Residential,Two Family,,,,POINT (-72.69024002 41.733610994),-72.69024002,41.733610994
220798,2022,08/03/2023,Meriden,111 WEBB MANOR,33880.00,90000.00,0.3764,Residential,Condo,,,,POINT (-72.827872675 41.51699413),-72.827872675,41.51699413
221410,2022,10/28/2022,Manchester,20 CARRIAGE DRIVE,209600.00,320000.00,0.6550,Residential,Single Family,,,,POINT (-72.502666019 41.754110992),-72.502666019,41.754110992
220015,2022,10/17/2022,Brooklyn,80 VENTURA DR,100100.00,261500.00,0.3827,Residential,Single Family,,,,POINT (-71.900789967 41.796248998),-71.900789967,41.796248998
22279,2022,08/24/2023,Darien,354 HOYT STREET,439390.00,1185000.00,0.3707,Residential,Single Family,,,,POINT (-73.510411006 41.101028007),-73.510411006,41.101028007
220024,2022,02/02/2023,Bethlehem,136 LAKE DR,141000.00,395000.00,0.3569,Residential,Single Family,,,,POINT (-73.20855403 41.657560981),-73.20855403,41.657560981
220021,2022,10/20/2022,Coventry,426 LEWIS HILL RD,157000.00,289000.00,0.5432,Residential,Single Family,,,,POINT (-72.31438601 41.797878985),-72.31438601,41.797878985
220776,2022,07/13/2023,Hamden,65 WASHINGTON RD,128730.00,300000.00,0.4291,Residential,Single Family,,,,POINT (-72.896389995 41.385819009),-72.896389995,41.385819009
220389,2022,01/04/2023,Branford,5D STONEGATE,68700.00,140000.00,0.4907,Residential,Condo,,,,POINT (-72.834520989 41.269468009),-72.834520989,41.269468009
223407,2022,07/12/2023,Newington,93 CHENEY LN,150420.00,140000.00,1.0744,Residential,Single Family,25 - Other,NOT AN ARMS LENGTH TRANSACTION,,POINT (-72.717217008 41.689213981),-72.717217008,41.689213981
220796,2022,07/20/2023,Hamden,17 ROCKWOOD RD,118580.00,153990.00,0.7700,Residential,Single Family,14 - Foreclosure,BANK SALE,,POINT (-72.945086003 41.34489202),-72.945086003,41.34489202
2200358,2022,05/01/2023,East Hartford,31 HIGH ST #3108,71160.00,155000.00,0.4590,Residential,Condo,,,,POINT (-72.635641979 41.744660983),-72.635641979,41.744660983
2200016,2022,10/18/2022,New Milford,52 OLD FARMS CONDO,115850.00,230000.00,0.5037,Residential,Condo,,SALES RATIO,,POINT (-73.399089022 41.55535),-73.399089022,41.55535
220833,2022,07/27/2023,Hamden,11 JEAN ST,91840.00,200000.00,0.4592,Residential,Single Family,,,,POINT (-72.898914038 41.334904982),-72.898914038,41.334904982
220020,2022,10/12/2022,East Lyme,61 S. BEECHWOOD RD.,212940.00,430000.00,0.4952,Residential,Single Family,,,,POINT (-72.231283967 41.306304001),-72.231283967,41.306304001
2200011,2022,10/05/2022,Naugatuck,71 CANDEE RD,229040.00,325000.00,0.7047,Residential,Single Family,,,,POINT (-73.023224032 41.47020801),-73.023224032,41.47020801
220325,2022,02/07/2023,Meriden,16 MOSHER ST,135730.00,235000.00,0.5775,Residential,Three Family,,,,POINT (-72.813091983 41.528655985),-72.813091983,41.528655985
220274,2022,04/13/2023,Groton,19 BANK ST,323750.00,835000.00,0.3877,Residential,Single Family,,,,POINT (-71.972348034 41.356128003),-71.972348034,41.356128003
220004,2022,10/13/2022,New Hartford,173A MAIN STREET,892360.00,1770000.00,0.5041,Commercial,,,DOLLAR GENERAL,,POINT (-72.958839426 41.862373063),-72.958839426,41.862373063
2200150,2022,12/29/2022,Naugatuck,35 FAIRCHILD ST,113820.00,85000.00,1.3390,Residential,Single Family,26 - Rehabilitation Deferred,,,POINT (-73.059156999 41.480803993),-73.059156999,41.480803993
220117,2022,01/27/2023,Avon,265 BURNHAM ROAD,241590.00,545000.00,0.4432,Residential,Single Family,,,,POINT (-72.851282029 41.778587993),-72.851282029,41.778587993
220071,2022,01/23/2023,Clinton,30 MALLARD LN,219224.00,570000.00,0.3846,Residential,Single Family,,,,POINT (-72.504482964 41.26900801),-72.504482964,41.26900801
220413,2022,05/23/2023,Enfield,13 CEDAR ST,117100.00,190000.00,0.6163,Residential,Single Family,,,,POINT (-72.54112898 41.988634002),-72.54112898,41.988634002
221069,2022,05/23/2023,Fairfield,405 HULLS HIGHWAY,573160.00,976500.00,0.5869,Residential,Single Family,,,,POINT (-73.297666988 41.14360598),-73.297666988,41.14360598
222048,2022,06/16/2023,Bridgeport,68 HEWITT ST,113890.00,300000.00,0.3796,Residential,Single Family,,,,POINT (-73.159397018 41.179537983),-73.159397018,41.179537983
220053,2022,11/30/2022,Bloomfield,23 PARK AVE,90490.00,205000.00,0.4414,Residential,Single Family,,,,POINT (-72.697588016 41.82169302),-72.697588016,41.82169302
22035,2022,12/08/2022,Haddam,888 SAYBROOK RD,186630.00,399000.00,0.4677,Residential,Single Family,,,,POINT (-72.515393017 41.480573994),-72.515393017,41.480573994
22000218,2022,04/20/2023,Cheshire,115 BELLAMY RD,241860.00,550000.00,0.4397,Residential,Single Family,,,,POINT (-72.928634003 41.48892501),-72.928634003,41.48892501
2200019,2022,11/01/2022,New Fairfield,65 BOGUS HILL RD,438300.00,1100000.00,0.3984,Residential,Single Family,,,,POINT (-73.460959035 41.506574993),-73.460959035,41.506574993
2222169,2022,06/30/2023,Ansonia,174 N STATE ST,242410.00,468000.00,0.5179,Residential,Two Family,,,,POINT (-73.076265973 41.352206991),-73.076265973,41.352206991
220340,2022,02/09/2023,Hamden,52 ROBIN HILL LA,182000.00,500000.00,0.3640,Residential,Single Family,07 - Change in Property,,TOTALLY RENOVATED PER MLS - NOW HAS 2.5 BATHS,POINT (-72.900303003 41.415457),-72.900303003,41.415457
22029,2022,03/28/2023,Eastford,86 COUNTY RD,49830.00,50500.00,0.9867,Residential,Single Family,02 - Love and Affection,SOLD TO ROOMMATE MOBILE HOME AND LAND,,POINT (-72.067584978 41.911188989),-72.067584978,41.911188989
220475,2022,04/21/2023,New Haven,902 TOWNSEND AV,140840.00,252000.00,0.5588,Residential,Single Family,,,,POINT (-72.89501201 41.281312979),-72.89501201,41.281312979
22044,2022,12/30/2022,Haddam,INJUN HOLLOW RD,56320.00,70000.00,0.8045,Vacant Land,,,,,POINT (-72.505526714 41.48719896),-72.505526714,41.48719896
22063,2022,01/17/2023,Derby,2 D ST,96810.00,130000.00,0.7446,Residential,Single Family,,,,POINT (-73.101902023 41.328553009),-73.101902023,41.328553009
220329,2022,02/08/2023,Meriden,200 GRAVEL ST,141960.00,250000.00,0.5678,Residential,Two Family,,,,POINT (-72.77413801 41.534007998),-72.77413801,41.534007998
22275,2022,07/17/2023,North Haven,25 APPLETREE LN,159640.00,375000.00,0.4257,Residential,Single Family,,,,POINT (-72.893823959 41.381288004),-72.893823959,41.381288004
220276,2022,04/14/2023,Groton,88-6 BUDDINGTON RD,74410.00,179000.00,0.4156,Residential,Condo,,,,POINT (-72.04422559 41.349521236),-72.04422559,41.349521236
222189,2022,07/20/2023,Bridgeport,2773 FAIRFIELD AVE UNIT #3,1139170.00,175000.00,6.5095,Commercial,,08 - Part Interest,COOP (BALCK ROCK GARDENS),,POINT (-73.225617683 41.158092291),-73.225617683,41.158092291
22056,2022,02/09/2023,Haddam,451 PLAINS RD,66560.00,87000.00,0.7650,Residential,Single Family,,,,POINT (-72.503938775 41.444455386),-72.503938775,41.444455386
220791,2022,07/13/2023,Hartford,40 HAMILTON ST,244440.00,510751.00,0.4785,Apartments,,,,,POINT (-72.695317023 41.753381012),-72.695317023,41.753381012
220011,2022,10/04/2022,Branford,50 ORCHARD HILL RD,203500.00,380000.00,0.5355,Residential,Single Family,,,,POINT (-72.838268035 41.272281018),-72.838268035,41.272281018
2200184,2022,05/16/2023,Bloomfield,47 FOOTHILLS WAY,161980.00,337500.00,0.4799,Residential,Single Family,,,,POINT (-72.760983032 41.845060006),-72.760983032,41.845060006
221163,2022,06/26/2023,Fairfield,50 CEDAR WOOD LANE,424410.00,780000.00,0.5441,Residential,Single Family,,,,POINT (-73.237213014 41.20254899),-73.237213014,41.20254899
221287,2022,08/01/2023,Fairfield,145 SKY TOP DRIVE,526820.00,952000.00,0.5533,Residential,Single Family,,,,POINT (-73.234887958 41.207051999),-73.234887958,41.207051999
220894,2022,08/30/2023,Greenwich,VALLEY ROAD 0064,536060.00,735000.00,0.7293,Residential,Two Family,01 - Family,,,POINT (-73.592447961 41.043454013),-73.592447961,41.043454013
2200162,2022,04/17/2023,Bloomfield,21 PENWOOD RD,234640.00,420000.00,0.5587,Residential,Single Family,25 - Other,NOT ARM LENGTHS,,POINT (-72.780962974 41.841339991),-72.780962974,41.841339991
220785,2022,03/10/2023,Bridgeport,2612 NORTH AVE UNIT #B18,101700.00,229000.00,0.4441,Residential,Condo,,,,POINT (-73.220114016 41.177583994),-73.220114016,41.177583994
220796,2022,03/13/2023,Bridgeport,323 EXETER ST,130579.00,259900.00,0.5024,Residential,Single Family,07 - Change in Property,,TOTAL RENOVATION PER MLS - SEE PREVIOUS SALE #220230,POINT (-73.204645968 41.211119989),-73.204645968,41.211119989
2200314,2022,06/22/2023,East Haven,54 MILL POND HEIGHTS RD,181790.00,410410.00,0.4429,Residential,Single Family,,,,POINT (-72.826156017 41.339995019),-72.826156017,41.339995019
22014,2022,04/24/2023,Chaplin,237 WILLIMANTIC RD,178100.00,228000.00,0.7811,Commercial,,17 - Two Towns,SALE INCLUDES WILLIMANTIC RD PARCEL,,POINT (-72.146681981 41.756484998),-72.146681981,41.756484998
222355,2022,08/29/2023,Bridgeport,220 MARILYN DR,135660.00,295000.00,0.4598,Residential,Single Family,,,,POINT (-73.233858996 41.224264992),-73.233858996,41.224264992
220021,2022,10/20/2022,Brooklyn,28 GUNNAR DR,126500.00,289000.00,0.4377,Residential,Single Family,,,,POINT (-71.958441032 41.781878016),-71.958441032,41.781878016
222104,2022,09/20/2023,Manchester,175-185 NEW BOLTON ROAD,207700.00,400000.00,0.5193,Residential,Single Family,25 - Other,WARRANTY DEED,SALE INCLUDES TWO PROPERTIES,POINT (-72.473786004 41.785329013),-72.473786004,41.785329013
220101,2022,05/09/2023,Canton,35 HIGH STREET,182160.00,115000.00,1.5840,Residential,Two Family,08 - Part Interest,,,POINT (-72.917568969 41.813747018),-72.917568969,41.813747018
220673,2022,05/25/2023,Hartford,82 GILLETT ST,808850.00,2000000.00,0.4044,Apartments,,,,,POINT (-72.699021992 41.770425989),-72.699021992,41.770425989
220165,2022,01/13/2023,Newington,7 EIGHTH ST,84740.00,135000.00,0.6277,Residential,Single Family,25 - Other,PURCHASED BY ABUTTER,,POINT (-72.753633025 41.67609999),-72.753633025,41.67609999
220095,2022,06/01/2023,Essex,30 MARES HILL RD,239300.00,625000.00,0.3828,Residential,Single Family,,,,POINT (-72.425937994 41.334946012),-72.425937994,41.334946012
220016,2022,10/28/2022,Mansfield,15 WESTWOOD RD,203100.00,405000.00,0.5014,Residential,Single Family,,,,POINT (-72.249819959 41.798727988),-72.249819959,41.798727988
220084,2022,12/22/2022,Killingly,5 COUNTRY CLUB ROAD,138110.00,300000.00,0.4604,Residential,Four Family,,,,POINT (-71.881103978 41.868752),-71.881103978,41.868752
220148,2022,10/26/2022,Bridgeport,341 GEORGE ST #343,229020.00,480000.00,0.4771,Residential,Two Family,,,,POINT (-73.198678975 41.184930984),-73.198678975,41.184930984
220108,2022,11/29/2022,Enfield,5 SOUTHVIEW ST,104700.00,207000.00,0.5057,Residential,Single Family,,,,POINT (-72.540671999 41.985286019),-72.540671999,41.985286019
220264,2022,12/29/2022,Hartford,58 LEDGER ST,43586.00,235000.00,0.1854,Residential,Single Family,,,,POINT (-72.699874012 41.746459991),-72.699874012,41.746459991
22005,2022,10/17/2022,Barkhamsted,22 SHANNON DR,224060.00,502000.00,0.4463,Residential,Single Family,,"2001 Colonial, 2661 SFLA, 3.56 AC",,POINT (-72.914199025 41.935267012),-72.914199025,41.935267012
220090,2022,05/03/2023,Brooklyn,183 BARRETT HILL RD,312320.00,725000.00,0.4307,Residential,Single Family,28 - Use Assessment,,,POINT (-71.940331008 41.814602014),-71.940331008,41.814602014
220174,2022,07/27/2023,Coventry,11 WOODMERE DR,111900.00,550000.00,0.2034,Residential,Single Family,07 - Change in Property,NEW CONSTRUCTION,,POINT (-72.322597006 41.766107004),-72.322597006,41.766107004
220115,2022,06/06/2023,Canton,4 BIRCH KNOLL ROAD,183980.00,411000.00,0.4476,Residential,Single Family,,,,POINT (-72.921076041 41.829423984),-72.921076041,41.829423984
220028,2022,11/22/2022,Litchfield,220 EAST ST,207660.00,375000.00,0.5537,Residential,Single Family,,IN-LAW UNIT,,POINT (-73.17892702 41.746701012),-73.17892702,41.746701012
220972,2022,08/22/2023,Milford,6-10 STOWE AVE,653180.00,1200000.00,0.5443,Residential,Single Family,,,,POINT (-73.084436082 41.191601241),-73.084436082,41.191601241
220220,2022,01/06/2023,Fairfield,134 COLONY STREET,291410.00,430000.00,0.6776,Residential,Single Family,25 - Other,ESTATE SALE,,POINT (-73.246347026 41.154679019),-73.246347026,41.154679019
220165,2022,05/01/2023,Ledyard,1 REUVEN DR,168070.00,180855.00,0.9293,Residential,Single Family,08 - Part Interest,ONE OWNER BOUGHT OUT THE OTHER OWNER,,POINT (-72.00629097 41.449456011),-72.00629097,41.449456011
220833,2022,03/21/2023,Bridgeport,155 KENNEDY DR UNIT #155,74190.00,171000.00,0.4338,Residential,Condo,,,,POINT (-73.222869985 41.214482012),-73.222869985,41.214482012
220100,2022,11/16/2022,Fairfield,411 ROMANOCK ROAD,911260.00,1750000.00,0.5207,Residential,Single Family,07 - Change in Property,PERMIT WORK,,POINT (-73.264599961 41.201670985),-73.264599961,41.201670985
220568,2022,05/10/2023,Meriden,24 HOLLY LANE,161700.00,350000.00,0.4620,Residential,Single Family,,,,POINT (-72.762658993 41.532163015),-72.762658993,41.532163015
2222132,2022,04/18/2023,Ansonia,16 SHEASBY RD,253960.00,415000.00,0.6119,Residential,Single Family,,,,POINT (-73.04734497 41.33270599),-73.04734497,41.33270599
220829,2022,03/20/2023,Bridgeport,326 BOND ST,110775.00,255000.00,0.4344,Residential,Two Family,,,,POINT (-73.167906996 41.197736981),-73.167906996,41.197736981
220218,2022,01/24/2023,Enfield,336 TAYLOR RD,137600.00,280000.00,0.4914,Residential,Single Family,,,,POINT (-72.514314015 41.994876006),-72.514314015,41.994876006
222310,2022,08/16/2023,Bridgeport,64 HARBOR AVE #66,227450.00,624200.00,0.3643,Residential,Three Family,,,,POINT (-73.219916035 41.157503008),-73.219916035,41.157503008
220590,2022,01/31/2023,Bridgeport,995 CAPITOL AVE UNIT #M,64530.00,180000.00,0.3585,Residential,Condo,,,,POINT (-73.207822038 41.192811984),-73.207822038,41.192811984
22000197,2022,04/11/2023,Cheshire,102 SOUTHWICK CT,149540.00,300000.00,0.4984,Residential,Condo,,,,POINT (-72.905108013 41.468884005),-72.905108013,41.468884005
2200091,2022,11/30/2022,New Milford,112 WYNWOOD DR,158480.00,347000.00,0.4567,Residential,Single Family,,SALES RATIO,,POINT (-73.428237007 41.543162),-73.428237007,41.543162
22001,2022,10/06/2022,Haddam,84 CAMP BETHEL RD,232100.00,390000.00,0.5951,Residential,Single Family,,,,POINT (-72.475121996 41.45521002),-72.475121996,41.45521002
22003,2022,10/04/2022,Colebrook,22 CHAPIN ROAD,178800.00,300000.00,0.5960,Residential,Single Family,,,,POINT (-73.06936599 42.013260998),-73.06936599,42.013260998
22085,2022,12/13/2022,Montville,9 KIM AVE,139510.00,230000.00,0.6065,Residential,Single Family,,,,POINT (-72.088496989 41.478473992),-72.088496989,41.478473992
2200405,2022,07/26/2023,New Milford,17 BONNIE VU LN,247420.00,563000.00,0.4395,Residential,Single Family,,SALES RATIO,,POINT (-73.362952961 41.605043999),-73.362952961,41.605043999
220754,2022,07/21/2023,Meriden,21 CATLIN ST,167160.00,421000.00,0.3970,Residential,Three Family,,,,POINT (-72.797383039 41.537190984),-72.797383039,41.537190984
221439,2022,11/08/2022,Manchester,518 TAYLOR STREET,250600.00,375000.00,0.6682,Residential,Single Family,,,,POINT (-72.48888902 41.811245019),-72.48888902,41.811245019
220613,2022,02/02/2023,Bridgeport,330 ALPINE ST,120680.00,299000.00,0.4036,Residential,Single Family,,,,POINT (-73.177739975 41.205984019),-73.177739975,41.205984019
22006,2022,11/01/2022,Bolton,19 RIGA LA,165100.00,312500.00,0.5283,Residential,Single Family,,,,POINT (-72.468327038 41.781647011),-72.468327038,41.781647011
22037,2022,10/31/2022,Montville,52 ALLEN DR,143780.00,285000.00,0.5045,Residential,Single Family,14 - Foreclosure,SALE FROM BANK,,POINT (-72.109962959 41.46624601),-72.109962959,41.46624601
2200277,2022,05/26/2023,East Haven,3 FOXON RD,2100.00,850000.00,0.0024,Vacant Land,,17 - Two Towns,SMALL PORTION .0300 ACRES IN EAST HAVEN,,POINT (-72.821909803 41.325780379),-72.821909803,41.325780379
220624,2022,05/04/2023,Hartford,110 MARTIN ST,295470.00,525000.00,0.5628,Apartments,,,,,POINT (-72.679847969 41.78860202),-72.679847969,41.78860202
22000316,2022,07/17/2023,Cheshire,245 VILLAGE DR,283230.00,665000.00,0.4259,Residential,Single Family,,,,POINT (-72.885463011 41.493934999),-72.885463011,41.493934999
220506,2022,01/06/2023,Bridgeport,755 HOWARD AVE #761,141822.00,355000.00,0.3994,Residential,Two Family,,,,POINT (-73.210428978 41.17172299),-73.210428978,41.17172299
220119,2022,04/18/2023,Clinton,92 GROVE ST,327600.00,770000.00,0.4254,Residential,Two Family,,,,POINT (-72.529301025 41.272796002),-72.529301025,41.272796002
2200300,2022,06/12/2023,East Haven,575 STRONG ST,91490.00,250000.00,0.3659,Residential,Single Family,,,,POINT (-72.857552028 41.321305009),-72.857552028,41.321305009
220800,2022,08/03/2023,Meriden,2502 MERIDEN SQ TNHS,51100.00,2050000.00,0.0249,Residential,Condo,25 - Other,MULTIPLE PARCELS,,POINT (-72.80118083 41.551740673),-72.80118083,41.551740673
220353,2022,02/21/2023,Hamden,75 WASHINGTON AVE 5-402,66850.00,151000.00,0.4427,Residential,Condo,,,,POINT (-72.897347041 41.38480702),-72.897347041,41.38480702
220007,2022,10/05/2022,Ledyard,14 PARTRIDGE HOLLOW RD,166250.00,315000.00,0.5277,Residential,Single Family,,,,POINT (-72.057528036 41.418507007),-72.057528036,41.418507007
221082,2022,05/26/2023,Fairfield,311 HARVESTER ROAD,285040.00,647000.00,0.4405,Residential,Single Family,,,,POINT (-73.249648993 41.205121982),-73.249648993,41.205121982
220259,2022,01/13/2023,New Haven,493 HOWARD AV,218260.00,281000.00,0.7767,Residential,Two Family,,,,POINT (-72.93304498 41.29467499),-72.93304498,41.29467499
2200398,2022,08/15/2023,East Haven,569 MAIN ST,161630.00,350169.00,0.4615,Residential,Two Family,,,,POINT (-72.882516018 41.283793981),-72.882516018,41.283793981
22030,2022,11/08/2022,Derby,20-22 MCLAUGHLIN TERR,146510.00,400000.00,0.3662,Residential,Two Family,,,,POINT (-73.074241994 41.317911009),-73.074241994,41.317911009
220648,2022,06/22/2023,Greenwich,9 COTTONTAIL ROAD,1479030.00,2900000.00,0.5100,Residential,Single Family,,,,POINT (-73.596789033 41.084774994),-73.596789033,41.084774994
221461,2022,11/15/2022,Manchester,53 DUVAL STREET,162200.00,150000.00,1.0813,Residential,Single Family,01 - Family,FAMILY SALE,,POINT (-72.544446035 41.785912016),-72.544446035,41.785912016
220026,2022,10/13/2022,East Hartford,29 LANHAM LN,113430.00,235000.00,0.4826,Residential,Single Family,,,,POINT (-72.619640004 41.73400398),-72.619640004,41.73400398
220214,2022,09/28/2023,Coventry,102 SPRING TR,115300.00,210000.00,0.5490,Residential,Single Family,,,,POINT (-72.316391967 41.76125099),-72.316391967,41.76125099
220553,2022,05/31/2023,Branford,530 WEST MAIN ST,104800.00,175000.00,0.5988,Residential,Two Family,07 - Change in Property,EXTREMELY POOR CONDITION,,POINT (-72.845245969 41.279768991),-72.845245969,41.279768991
22033,2022,11/07/2022,Darien,40 MIDDLESEX RD,506170.00,1735000.00,0.2917,Residential,Single Family,07 - Change in Property,new addition - partial complete 10/1/2022,,POINT (-73.511351037 41.077237987),-73.511351037,41.077237987
222080,2022,06/26/2023,Bridgeport,520 LAUREL AVE,333960.00,600000.00,0.5566,Residential,Two Family,,,,POINT (-73.20793796 41.176222019),-73.20793796,41.176222019
220012,2022,10/03/2022,Hamden,175 MILL POND RD U406,50470.00,132000.00,0.3823,Residential,Condo,,,,POINT (-72.916100041 41.38649501),-72.916100041,41.38649501
220147,2022,03/20/2023,Killingly,519 MAIN ST,80010.00,135000.00,0.5926,Residential,Single Family,,,,POINT (-71.877020985 41.814969015),-71.877020985,41.814969015
22077,2022,06/23/2023,Lebanon,347 GATES RD,115430.00,30000.00,3.8476,Residential,Single Family,08 - Part Interest,V0168600,,POINT (-72.215111001 41.678478984),-72.215111001,41.678478984
220786,2022,07/12/2023,Hartford,170-172 PUTNAM ST,95844.00,390000.00,0.2457,Residential,Three Family,,,,POINT (-72.690296011 41.760656001),-72.690296011,41.760656001
2200148,2022,12/28/2022,East Hartford,55 JANET DR,137110.00,253000.00,0.5419,Residential,Single Family,,,,POINT (-72.597277003 41.757795006),-72.597277003,41.757795006
220633,2022,06/16/2023,Greenwich,93 RIVERSIDE AVENUE,1246700.00,2100000.00,0.5936,Residential,Single Family,,,,POINT (-73.587596013 41.034509014),-73.587596013,41.034509014
221852,2022,06/06/2023,Manchester,368 OAK STREET,202700.00,265000.00,0.7649,Residential,Single Family,,,,POINT (-72.503029039 41.77083599),-72.503029039,41.77083599
220551,2022,01/18/2023,Bridgeport,60 GREYSTONE RD,137500.00,350000.00,0.3928,Residential,Single Family,,,,POINT (-73.165550005 41.217182996),-73.165550005,41.217182996
220008,2022,10/06/2022,Clinton,203A COW HILL RD,145100.00,281000.00,0.5163,Residential,Single Family,,,,POINT (-72.558014995 41.320976983),-72.558014995,41.320976983
220586,2022,04/24/2023,Hartford,256 SOUTH MARSHALL ST,592812.00,1993925.00,0.2973,Residential,Condo,24 - Plottage,25 Condominium Units,,POINT (-72.698341968 41.76668502),-72.698341968,41.76668502
22022,2022,11/14/2022,Burlington,33 VILLAGE LN,197260.00,426000.00,0.4630,Residential,Single Family,,,,POINT (-72.958021962 41.77693701),-72.958021962,41.77693701
220212,2022,04/12/2023,New London,261 GARDNER AVE,116060.00,268000.00,0.4330,Residential,Single Family,,,,POINT (-72.10224901 41.323416997),-72.10224901,41.323416997
220173,2022,12/08/2022,New Haven,145 PORTLAND ST,118370.00,95000.00,1.2460,Residential,Single Family,,,,POINT (-72.86849301 41.333180993),-72.86849301,41.333180993
220819,2022,08/04/2023,Greenwich,EAST ELM STREET 0124,924140.00,2020000.00,0.4574,Residential,Condo,,,,POINT (-73.619814959 41.027638996),-73.619814959,41.027638996
220088,2022,06/02/2023,Hebron,MURPHY RD 61-4,6720.00,90000.00,0.0747,Vacant Land,,12 - Non Buildable Lot,ASSESSED AS NON-BUILDABLE,,POINT (-72.451603833 41.689015787),-72.451603833,41.689015787
220090,2022,02/06/2023,Colchester,22 GREENWICH PL,326900.00,695910.00,0.4697,Residential,Single Family,07 - Change in Property,NEW CONSTRUCTION,,POINT (-72.3321466 41.5735261),-72.3321466,41.5735261
220117,2022,04/13/2023,East Windsor,54 MILLER RD,161210.00,280000.00,0.5757,Residential,Single Family,,,,POINT (-72.541924004 41.876413981),-72.541924004,41.876413981
2200067,2022,11/23/2022,East Haven,6 BIRCH LN #K,67690.00,158000.00,0.4284,Residential,Condo,,,,POINT (-72.849849981 41.328106002),-72.849849981,41.328106002
220103,2022,11/21/2022,Enfield,100 ABBE RD,142400.00,298000.00,0.4778,Residential,Single Family,,,,POINT (-72.532717992 41.973676999),-72.532717992,41.973676999
220256,2022,09/12/2023,East Hampton,19 MOTT HILL RD,141950.00,332000.00,0.4275,Residential,Single Family,,,,POINT (-72.511010036 41.605062984),-72.511010036,41.605062984
220470,2022,12/29/2022,Bridgeport,55 WESSELS AVE #07,66010.00,139000.00,0.4748,Residential,Condo,,,,POINT (-73.163295022 41.197944014),-73.163295022,41.197944014
222138,2022,09/29/2023,Manchester,42 RED ROCK LANE,188100.00,359475.00,0.5233,Residential,Single Family,07 - Change in Property,NEW CONSTRUCTION,,POINT (-72.536778018 41.802003007),-72.536778018,41.802003007
220010,2022,10/06/2022,Griswold,61 SOUTH MAIN ST #206,123270.00,211000.00,0.5842,Residential,Condo,,,,POINT (-71.988028983 41.604349013),-71.988028983,41.604349013
2200531,2022,08/02/2023,East Hartford,55 LORRAINE CT,182640.00,315000.00,0.5798,Residential,Single Family,,,,POINT (-72.609059025 41.745536012),-72.609059025,41.745536012
2200142,2022,01/05/2023,New Milford,279 WILLOW SPRINGS,97230.00,190000.00,0.5117,Residential,Condo,,SALES RATIO,,POINT (-73.423566024 41.543432987),-73.423566024,41.543432987
210164,2021,03/31/2022,Suffield,59 BRANDYWINE LN,98420.00,181000.00,0.5437,Residential,Condo,,,,POINT (-72.644146007 41.981750993),-72.644146007,41.981750993
22340,2022,09/26/2023,Montville,33-41 MASSAPEAG SIDE RD,42000.00,49500.00,0.8484,Vacant Land,,08 - Part Interest,SALE OF PARTIAL INTEREST,,POINT (-72.077783866 41.459846598),-72.077783866,41.459846598
220171,2022,12/08/2022,New Haven,127 GREENHILL TER,125930.00,286000.00,0.4403,Residential,Single Family,,,,POINT (-72.979136982 41.333215987),-72.979136982,41.333215987
220470,2022,04/03/2023,Meriden,1244 NO BROAD ST,98280.00,110000.00,0.8934,Residential,Single Family,25 - Other,ESTATE SALE,,POINT (-72.780551004 41.552045015),-72.780551004,41.552045015
220618,2022,06/13/2023,Greenwich,101 PUTNAM PARK,54722220.00,535000.00,102.2845,Residential,Condo,08 - Part Interest,CO OP,,POINT (-73.620886211 41.033828594),-73.620886211,41.033828594
220921,2022,08/03/2023,Milford,336 POND POINT AVE,199110.00,390000.00,0.5105,Residential,Single Family,,,,POINT (-73.020963014 41.216940005),-73.020963014,41.216940005
223283,2022,05/04/2023,Newington,214 BEACON ST,161940.00,340000.00,0.4762,Residential,Single Family,,,,POINT (-72.748830026 41.668550997),-72.748830026,41.668550997
220147,2022,08/24/2023,Brooklyn,46 POMFRET LANDING RD,114900.00,230000.00,0.4995,Residential,Single Family,,,,POINT (-71.929607034 41.823037016),-71.929607034,41.823037016
220686,2022,08/31/2023,Branford,39 MANORWOOD DR,105900.00,252000.00,0.4202,Residential,Condo,,,,POINT (-72.798514009 41.29157398),-72.798514009,41.29157398
220202,2022,11/04/2022,Bridgeport,194 SMITH ST #196,133980.00,310000.00,0.4321,Residential,Two Family,,,,POINT (-73.167265026 41.174229011),-73.167265026,41.174229011
220339,2022,12/06/2022,Branford,5 LOMARTRA LA,335300.00,535000.00,0.6267,Residential,Single Family,10 - A Will,ESTATE SALE,,POINT (-72.766289028 41.289199009),-72.766289028,41.289199009
220104,2022,08/28/2023,New Hartford,80 MAPLE HOLLOW ROAD,178500.00,322950.00,0.5527,Residential,Single Family,,,,POINT (-73.027630985 41.83477298),-73.027630985,41.83477298
220016,2022,10/13/2022,New Canaan,22 NORHOLT DR,713440.00,1300000.00,0.5488,Residential,Single Family,,,,POINT (-73.496062026 41.165695983),-73.496062026,41.165695983
221366,2022,08/24/2023,Fairfield,720 BLACK ROCK TURNPIKE,245910.00,490000.00,0.5018,Residential,Two Family,,,,POINT (-73.235172021 41.168708983),-73.235172021,41.168708983
220754,2022,03/06/2023,Bridgeport,80 CARTRIGHT ST #6D,48100.00,100000.00,0.4810,Residential,Condo,,,,POINT (-73.218964018 41.178571005),-73.218964018,41.178571005
220047,2022,10/26/2022,Groton,100 ESSEX ST SLIP D5,29960.00,42000.00,0.7133,Commercial,,,BOAT SLIP,,POINT (-71.975030998 41.344427998),-71.975030998,41.344427998
22043,2022,12/06/2022,Derby,170 MARSHALL LN,110180.00,260000.00,0.4237,Residential,Single Family,,,,POINT (-73.050586001 41.319808001),-73.050586001,41.319808001
220049,2022,07/06/2023,Kent,36 DOLLDORF RD,263600.00,600000.00,0.4393,Residential,Single Family,,,,POINT (-73.473449998 41.782983002),-73.473449998,41.782983002
220335,2022,05/22/2023,Groton,233 JUDSON AVE,202440.00,425000.00,0.4763,Residential,Single Family,,,,POINT (-71.993997987 41.347164983),-71.993997987,41.347164983
22140,2022,05/09/2023,Monroe,20 PRESTIGE PLACE,79700.00,533674.00,0.1493,Residential,Condo,07 - Change in Property,,,POINT (-73.206797 41.331612),-73.206797,41.331612
220053,2022,11/16/2022,Brookfield,11 POWDER HORN HILL RD,255130.00,395000.00,0.6458,Residential,Single Family,,,,POINT (-73.386145017 41.446731012),-73.386145017,41.446731012
220280,2022,07/31/2023,Madison,16 RIDGEWOOD AVE,312200.00,500000.00,0.6244,Residential,Single Family,25 - Other,sale by exec of estate,,POINT (-72.647081014 41.267492017),-72.647081014,41.267492017
22082,2022,05/01/2023,Burlington,52 MONCE RD,192780.00,395000.00,0.4880,Residential,Single Family,,,,POINT (-72.907374982 41.741822996),-72.907374982,41.741822996
220231,2022,06/29/2023,Avon,264 NEW ROAD,169910.00,415000.00,0.4094,Residential,Single Family,,,,POINT (-72.921381981 41.790102004),-72.921381981,41.790102004
220420,2022,03/31/2023,New Haven,666 WOODWARD AV,62230.00,150500.00,0.4134,Residential,Condo,,,,POINT (-72.896282036 41.286837995),-72.896282036,41.286837995
22000267,2022,06/09/2023,Cheshire,512 WALLINGFORD RD,187670.00,319000.00,0.5883,Residential,Single Family,,,,POINT (-72.88426004 41.49058098),-72.88426004,41.49058098
220219,2022,07/11/2023,Brookfield,61 COMMERCE RD,1080620.00,2060450.00,0.5245,Industrial,,25 - Other,Two Properties Sold with 60 Commerce Rd,,POINT (-73.393539029 41.451310004),-73.393539029,41.451310004
22092,2022,06/06/2023,Haddam,4 SWAIN JOHNSON TRAIL,140640.00,290000.00,0.4849,Residential,Single Family,,,,POINT (-72.535461976 41.490875018),-72.535461976,41.490875018
220479,2022,03/31/2023,Branford,6G THIMBLE ISLE,45100.00,130000.00,0.3469,Residential,Condo,,,,POINT (-72.756200972 41.274419177),-72.756200972,41.274419177
220041,2022,03/24/2023,East Granby,16 HATCHET HILL ROAD,60700.00,495000.00,0.1226,Residential,Single Family,07 - Change in Property,NEW CONSTRUCTION-SFD,,POINT (-72.742779969 41.918097018),-72.742779969,41.918097018
221677,2022,03/03/2023,Manchester,15 FRENCH ROAD,145300.00,295000.00,0.4925,Residential,Single Family,,,,POINT (-72.541028984 41.782674003),-72.541028984,41.782674003
220098,2022,01/24/2023,Bloomfield,247 DUNCASTER RD,145950.00,320000.00,0.4560,Residential,Single Family,,,,POINT (-72.755553989 41.885409021),-72.755553989,41.885409021
220197,2022,05/31/2023,Ledyard,11 CLARK LN,140350.00,268000.00,0.5236,Residential,Single Family,25 - Other,ESTATE SALE,,POINT (-72.071223982 41.44996299),-72.071223982,41.44996299
220044,2022,10/18/2022,Fairfield,121 BEECHWOOD LANE,361410.00,590000.00,0.6125,Residential,Single Family,,,,POINT (-73.245607993 41.199423001),-73.245607993,41.199423001
220677,2022,05/26/2023,Milford,130 OXFORD RD,258710.00,445000.00,0.5813,Residential,Single Family,,,,POINT (-72.997500977 41.242305991),-72.997500977,41.242305991
221752,2022,04/14/2023,Manchester,387 DENNISON RIDGE DRIVE,265600.00,459900.00,0.5775,Residential,Single Family,,,,POINT (-72.476035958 41.75133302),-72.476035958,41.75133302
221171,2022,06/27/2023,Fairfield,59 MONA TERRACE,987490.00,1415000.00,0.6978,Residential,Single Family,,,,POINT (-73.260851993 41.132951994),-73.260851993,41.132951994
22000021,2022,06/27/2023,Hampton,131 DRAIN ST,153760.00,250000.00,0.6150,Residential,Single Family,,,,POINT (-72.037637025 41.76683799),-72.037637025,41.76683799
22177,2022,04/10/2023,North Haven,49 BLEEKER CIR,320740.00,516900.00,0.6205,Residential,Condo,07 - Change in Property,NOT COMPLETE ON 10/01/2022,,POINT (-72.8608944 41.388683),-72.8608944,41.388683
22007,2022,10/18/2022,Haddam,4 BROOKES COURT,82610.00,640000.00,0.1290,Commercial,,,COMMERCIAL VACANT LAND TO BE DEVELOPED,,POINT (-72.474926027 41.450243993),-72.474926027,41.450243993
220098,2022,11/09/2022,New Haven,350 SUMMIT ST,157780.00,215000.00,0.7338,Residential,Single Family,,,,POINT (-72.881229982 41.306643007),-72.881229982,41.306643007
220066,2022,12/05/2022,Ledyard,270 STODDARDS WHARF RD,124530.00,269900.00,0.4613,Residential,Single Family,,,,POINT (-72.065610034 41.453934001),-72.065610034,41.453934001
220724,2022,07/10/2023,New Haven,1225 ELLA T GRASSO BLVD #D,36330.00,77500.00,0.4687,Residential,Condo,,,,POINT (-72.952383958 41.311402),-72.952383958,41.311402
22102,2022,08/14/2023,Lebanon,272 EXETER RD,143080.00,74000.00,1.9335,Residential,Single Family,08 - Part Interest,R0133750,,POINT (-72.191504041 41.644737004),-72.191504041,41.644737004
220099,2022,01/04/2023,Avon,187 SCOVILLE ROAD,238200.00,450000.00,0.5293,Residential,Single Family,,,,POINT (-72.858132977 41.77606701),-72.858132977,41.77606701
220474,2022,12/30/2022,Bridgeport,175 HUGHES AVE,171180.00,295000.00,0.5802,Residential,Single Family,,,,POINT (-73.216853958 41.183446004),-73.216853958,41.183446004
22000072,2022,11/22/2022,Cheshire,ASPEN DR,24990.00,2100.00,11.9000,Vacant Land,,08 - Part Interest,M5 L43,,POINT (-72.881479203 41.561345593),-72.881479203,41.561345593
2200005,2022,10/12/2022,New Fairfield,8 MISTY BROOK LANE,442200.00,1100000.00,0.4020,Residential,Single Family,,,,POINT (-73.46858204 41.527938997),-73.46858204,41.527938997
220107,2022,06/13/2023,Brooklyn,110 PRINCE HILL RD,179800.00,325000.00,0.5532,Residential,Single Family,,,,POINT (-71.933424991 41.793858983),-71.933424991,41.793858983
220606,2022,05/25/2023,Hamden,5 RAYZOE TR,150290.00,340000.00,0.4420,Residential,Single Family,,,,POINT (-72.941821 41.403078982),-72.941821,41.403078982
220636,2022,05/11/2023,Milford,84 BRIARWOOD LN,310480.00,625000.00,0.4967,Residential,Single Family,,,,POINT (-73.033683977 41.21069402),-73.033683977,41.21069402
220881,2022,08/25/2023,New Haven,91 HOWE ST,1848490.00,5000000.00,0.3696,Apartments,,,,,POINT (-72.93416103 41.310681995),-72.93416103,41.310681995
220657,2022,09/13/2023,Enfield,1 CHARLES GARDENS,87500.00,139900.00,0.6254,Residential,Condo,14 - Foreclosure,,,POINT (-72.567437345 41.955425349),-72.567437345,41.955425349
220319,2022,04/03/2023,Enfield,28 BRIDGE LA,162700.00,325000.00,0.5006,Residential,Single Family,,,,POINT (-72.599909004 41.974571013),-72.599909004,41.974571013
221313,2022,08/08/2023,Fairfield,60 OVERLOOK AVENUE,136360.00,245000.00,0.5565,Residential,Condo,01 - Family,,,POINT (-73.236340961 41.168899001),-73.236340961,41.168899001
220554,2022,04/14/2023,Hartford,37 ALDEN ST 037Q,51671.00,210000.00,0.2460,Residential,Condo,,,,POINT (-72.676049039 41.751044012),-72.676049039,41.751044012
220409,2022,07/05/2023,Groton,13 RING DRIVE,132790.00,185000.00,0.7177,Residential,Single Family,25 - Other,SHORT SALE,,POINT (-72.021774022 41.34764602),-72.021774022,41.34764602
22117,2022,04/11/2023,Monroe,15 SCENIC HILL LANE,259700.00,600000.00,0.4328,Residential,Single Family,,,,POINT (-73.230918959 41.334147007),-73.230918959,41.334147007
220956,2022,09/22/2023,Greenwich,TALBOT LANE 0033 UN17,340130.00,510000.00,0.6669,Residential,Condo,,,,POINT (-73.651976992 41.004914986),-73.651976992,41.004914986
220037,2022,11/22/2022,Griswold,53 MOHEGAN DR,196140.00,275000.00,0.7132,Residential,Single Family,,RIVER FRONT,,POINT (-71.957042009 41.610443998),-71.957042009,41.610443998
221619,2022,01/30/2023,Manchester,52 TREBBE DRIVE,144000.00,260000.00,0.5538,Residential,Single Family,,,,POINT (-72.551025996 41.771849991),-72.551025996,41.771849991
220651,2022,08/09/2023,Branford,20D PINEVIEW,81500.00,170710.00,0.4774,Residential,Condo,,,,POINT (-72.813792039 41.30737701),-72.813792039,41.30737701
220064,2022,11/21/2022,Killingly,76 BALLOUVILLE RD,147700.00,321500.00,0.4594,Residential,Single Family,,,,POINT (-71.875709971 41.867834014),-71.875709971,41.867834014
2200044,2022,04/12/2023,Killingworth,8 BOULDER TRAIL,70560.00,249995.00,0.2822,Residential,Single Family,07 - Change in Property,NEW CONSTRUCTION,,POINT (-72.565989734 41.378746536),-72.565989734,41.378746536
220037,2022,05/18/2023,Kent,STUDIO HILL CIRCLE,96200.00,229000.00,0.4200,Vacant Land,,25 - Other,ABUTTER SALE NOT EXPOSED TO MARKET,,POINT (-73.449473809 41.735032267),-73.449473809,41.735032267
221780,2022,05/02/2023,Manchester,73-75 CONGRESS STREET,167300.00,280000.00,0.5975,Residential,Two Family,01 - Family,FAMILY SALE,,POINT (-72.531947024 41.785098008),-72.531947024,41.785098008
220970,2022,09/28/2023,Greenwich,SUNSHINE AVENUE 0010,457730.00,2680000.00,0.1707,Residential,Single Family,07 - Change in Property,,,POINT (-73.579052004 41.046739007),-73.579052004,41.046739007
220022,2022,12/29/2022,Durham,157 MICA HILL ROAD,137480.00,150000.00,0.9165,Residential,Single Family,25 - Other,NOT AN ARMS LENGTH TRANSACTION / NO MARKET LISTING FOUND,,POINT (-72.685516985 41.440320994),-72.685516985,41.440320994
220015,2022,01/09/2023,Kent,285A KENT RD,351900.00,657000.00,0.5356,Residential,Single Family,,,,POINT (-73.503590987 41.681247988),-73.503590987,41.681247988
221436,2022,09/25/2023,Fairfield,297 PEMBURN DRIVE,405510.00,925000.00,0.4383,Residential,Single Family,,,,POINT (-73.250100023 41.169691007),-73.250100023,41.169691007
220237,2022,11/14/2022,Bridgeport,735 RUTH ST,172650.00,405000.00,0.4262,Residential,Single Family,,,,POINT (-73.223503993 41.206676993),-73.223503993,41.206676993
210243,2021,06/27/2022,Suffield,98 MOUNTAIN RD,342790.00,1325000.00,0.2587,Commercial,,,,,POINT (-72.654568987 41.983401013),-72.654568987,41.983401013
220355,2022,02/01/2023,Hartford,490 EDGEWOOD ST,100769.00,220000.00,0.4580,Residential,Three Family,07 - Change in Property,,RENOVATIONS PER MLS - SEE PREVIOUS SALE #220152,POINT (-72.683194025 41.78705602),-72.683194025,41.78705602
220991,2022,08/17/2023,Milford,103 BARTON RD,253010.00,360000.00,0.7028,Residential,Single Family,,,,POINT (-73.023820991 41.223630985),-73.023820991,41.223630985
222469,2022,09/22/2023,Bridgeport,823 CAPITOL AVE #825,193804.00,325000.00,0.5963,Residential,Three Family,25 - Other,DISTRESS SALE,,POINT (-73.205211998 41.19417199),-73.205211998,41.19417199
220300,2022,01/27/2023,Meriden,66 NO SECOND ST,28910.00,30000.00,0.9636,Vacant Land,,,,,POINT (-72.811999099 41.537840787),-72.811999099,41.537840787
2200346,2022,07/17/2023,East Haven,25 HILTON AVE,129150.00,263000.00,0.4910,Residential,Single Family,,,,POINT (-72.85490804 41.258905009),-72.85490804,41.258905009
220874,2022,09/07/2023,Meriden,20 PARKSIDE ST,144550.00,175000.00,0.8260,Residential,Single Family,25 - Other,SOLD TO INVESTMENT INTEREST; NOT OPENLY MARKETED,,POINT (-72.78082702 41.538571986),-72.78082702,41.538571986
221117,2022,06/12/2023,Fairfield,258 FARMINGTON AVENUE,259700.00,449000.00,0.5783,Residential,Single Family,,,,POINT (-73.227917987 41.203690018),-73.227917987,41.203690018
2200083,2022,12/08/2022,East Haven,96 PERSHING AVE,138460.00,283000.00,0.4892,Residential,Single Family,,,,POINT (-72.862505984 41.315209983),-72.862505984,41.315209983
220065,2022,04/19/2023,Easton,830 SPORT HILL ROAD,588140.00,900000.00,0.6534,Residential,Single Family,,,,POINT (-73.295621971 41.27102499),-73.295621971,41.27102499
220063,2022,03/13/2023,Essex,14 FALLS RIVER CIR,142900.00,290000.00,0.4927,Residential,Single Family,,CHG ADDRESS TO 13 FALLS RIVER CIR AFTER SALE,,POINT (-72.43341901 41.348683993),-72.43341901,41.348683993
22287,2022,08/02/2023,Montville,1018 GRASSY HILL RD,163870.00,225000.00,0.7283,Residential,Single Family,10 - A Will,ESTATE SALE,,POINT (-72.227284039 41.425192999),-72.227284039,41.425192999
220124,2022,11/21/2022,New Haven,292 EASTERN ST,51870.00,86000.00,0.6031,Residential,Condo,,,,POINT (-72.873978965 41.315259981),-72.873978965,41.315259981
2200262,2022,04/25/2023,New Milford,40 CANTERBURY ARMS,78050.00,175000.00,0.4460,Residential,Condo,,SALES RATIO,,POINT (-73.418451973 41.587461993),-73.418451973,41.587461993
220944,2022,04/03/2023,Bridgeport,276 ROSEWOOD PL,141330.00,325000.00,0.4348,Residential,Single Family,,,,POINT (-73.172273968 41.217932003),-73.172273968,41.217932003
220207,2022,09/20/2023,Ellington,18 WALNUT ST,186210.00,370000.00,0.5032,Residential,Single Family,,,,POINT (-72.44909099 41.873342014),-72.44909099,41.873342014
222174,2022,07/18/2023,Bridgeport,46 VICTORY AVE,140810.00,300000.00,0.4694,Residential,Single Family,,,,POINT (-73.190559006 41.215561014),-73.190559006,41.215561014
2200039,2022,10/17/2022,Naugatuck,421 SPRING ST,123620.00,186000.00,0.6646,Residential,Single Family,,,,POINT (-73.058018988 41.510119993),-73.058018988,41.510119993
220633,2022,06/14/2023,New Haven,94 OLIVER RD,241920.00,420420.00,0.5754,Residential,Single Family,,,,POINT (-72.965559975 41.315014014),-72.965559975,41.315014014
220413,2022,03/01/2023,Hartford,16 HEBRON ST,49246.00,187900.00,0.2621,Residential,Three Family,14 - Foreclosure,Foreclosure related sale,,POINT (-72.699133974 41.790800007),-72.699133974,41.790800007
2200231,2022,07/12/2023,Bloomfield,4 PICKETT LN,90020.00,239000.00,0.3766,Residential,Single Family,25 - Other,NOT LISTED ON MARKET,,POINT (-72.690894982 41.829693002),-72.690894982,41.829693002
220135,2022,07/31/2023,Mansfield,72 CHARLES LA,233400.00,459000.00,0.5084,Residential,Single Family,,,,POINT (-72.207027996 41.815283001),-72.207027996,41.815283001
2200130,2022,12/21/2022,East Hartford,19 BELL COURT #A-1,25930.00,67500.00,0.3841,Residential,Condo,,,,POINT (-72.59262715 41.783217986),-72.59262715,41.783217986
22014,2022,11/01/2022,Lebanon,554 CLUBHOUSE RD,182700.00,425000.00,0.4299,Residential,Single Family,07 - Change in Property,,,POINT (-72.26677504 41.625277997),-72.26677504,41.625277997
220177,2022,05/02/2023,New Canaan,187 PARADE HILL RD,998970.00,2115000.00,0.4723,Residential,Single Family,,,,POINT (-73.499934968 41.158159017),-73.499934968,41.158159017
22092,2022,06/15/2023,Beacon Falls,155 BEACON HILL COMMON,119250.00,255000.00,0.4676,Residential,Condo,,,,POINT (-73.038642962 41.462738016),-73.038642962,41.462738016
2200126,2022,06/21/2023,New Fairfield,6 OLD BRIODGE RD E,203300.00,527000.00,0.3857,Residential,Single Family,,,,POINT (-73.49698303 41.472419995),-73.49698303,41.472419995
220673,2022,06/29/2023,Greenwich,17 FADO LANE,627690.00,1381381.00,0.4543,Residential,Single Family,,,,POINT (-73.585460975 41.059281016),-73.585460975,41.059281016
220328,2022,05/17/2023,Groton,154 MONUMENT ST,215600.00,226743.00,0.9509,Residential,Single Family,05 - Deed Date,PART INTEREST QC DEED SIGNED 12/21/21 BUT ALREADY SOLD ON 6/3/22,,POINT (-72.080059011 41.357895998),-72.080059011,41.357895998
22031,2022,11/07/2022,Monroe,637 MAIN STREET,166800.00,320000.00,0.5212,Residential,Single Family,,,,POINT (-73.264466018 41.335426002),-73.264466018,41.335426002
2200031,2022,11/28/2022,New Fairfield,"137,204 206 BALL POND RD",320200.00,625000.00,0.5123,Residential,Single Family,25 - Other,MULTI PARCEL SALE,,POINT (-73.524945573 41.46794171),-73.524945573,41.46794171
220152,2022,02/14/2023,New London,576 OCEAN AVE,127750.00,325000.00,0.3930,Residential,Single Family,,,,POINT (-72.103296999 41.329880995),-72.103296999,41.329880995
220142,2022,09/12/2023,Essex,26 HARBOR VIEW,406800.00,1040000.00,0.3911,Residential,Single Family,,,,POINT (-72.394626975 41.342113),-72.394626975,41.342113
22247,2022,09/06/2023,Monroe,20 GRASSY HILL RD,250800.00,590000.00,0.4250,Residential,Single Family,,,,POINT (-73.247848979 41.324190018),-73.247848979,41.324190018
220081,2022,01/13/2023,Colchester,167 HALLS HILL RD,189000.00,335000.00,0.5641,Residential,Single Family,,,,POINT (-72.322635982 41.571121012),-72.322635982,41.571121012
22036,2022,03/16/2023,Deep River,384 WINTHROP RD,168140.00,60000.00,2.8023,Residential,Single Family,06 - Portion of Property,A PORTION OF LAND TO ABUTTING NEIGHBOR,,POINT (-72.487929041 41.362567987),-72.487929041,41.362567987
22095,2022,05/30/2023,Burlington,22 BRIKHAM WAY,166040.00,389900.00,0.4258,Residential,Two Family,,1/2 OF A DUPLEX,,POINT (-72.93786097 41.759681982),-72.93786097,41.759681982
220755,2022,07/18/2023,Greenwich,SOUTH END COURT 0020,1380400.00,1840000.00,0.7502,Residential,Single Family,,,,POINT (-73.572207006 41.02979302),-73.572207006,41.02979302
22011,2022,11/01/2022,Beacon Falls,24 BROCKTON COURT,111710.00,222000.00,0.5031,Residential,Condo,,,,POINT (-73.038625025 41.462757001),-73.038625025,41.462757001
222218,2022,07/27/2023,Bridgeport,309 CARROLL AVE,34090.00,105000.00,0.3246,Vacant Land,,,,,POINT (-73.163351013 41.176968008),-73.163351013,41.176968008
220625,2022,08/29/2023,Enfield,36 KING CT,128100.00,111700.00,1.1468,Residential,Single Family,25 - Other,SOLD AS IS,,POINT (-72.598360028 41.941424986),-72.598360028,41.941424986
2200302,2022,05/18/2023,New Milford,7 SOUTHEAST TRL,138420.00,347000.00,0.3989,Residential,Single Family,,SALES RATIO,,POINT (-73.429167985 41.498648017),-73.429167985,41.498648017
220690,2022,06/20/2023,Hamden,87 BRIARCLIFF RD,123620.00,262000.00,0.4718,Residential,Single Family,,,,POINT (-72.899936965 41.396532003),-72.899936965,41.396532003
220253,2022,05/19/2023,New London,15 CHAPPELL ST,62650.00,118000.00,0.5309,Residential,Single Family,,,,POINT (-72.10657097 41.355973986),-72.10657097,41.355973986
220053,2022,01/31/2023,Mansfield,225 COVENTRY RD,142800.00,265000.00,0.5388,Residential,Single Family,,,,POINT (-72.261900041 41.76221998),-72.261900041,41.76221998
220031,2022,06/14/2023,Canaan,35 UNDERMOUNTAIN RD,1389000.00,1725000.00,0.8052,Residential,Single Family,28 - Use Assessment,490 FARM LAND,,POINT (-73.326185994 41.978096986),-73.326185994,41.978096986
220312,2022,08/29/2023,East Lyme,220 PENNSYLVANIA AVE,244860.00,385000.00,0.6360,Residential,Single Family,25 - Other,"property in poor condition, will need a full reno following sale.",,POINT (-72.20412199 41.332066996),-72.20412199,41.332066996
220194,2022,12/22/2022,Fairfield,820 OLDFIELD ROAD,335300.00,287500.00,1.1663,Residential,Single Family,08 - Part Interest,,,POINT (-73.264860973 41.134236982),-73.264860973,41.134236982
220284,2022,11/23/2022,Bridgeport,161 FAIRVIEW AVE EXT,134177.00,275000.00,0.4879,Residential,Single Family,,,,POINT (-73.195769029 41.204236015),-73.195769029,41.204236015
220160,2022,04/24/2023,Ledyard,84 SILAS DEANE RD,8360.00,225000.00,0.0371,Vacant Land,,28 - Use Assessment,490,,POINT (-71.997070898 41.461013984),-71.997070898,41.461013984
22201,2022,06/02/2023,Middlebury,740 WHITTEMORE RD,276500.00,590000.00,0.4686,Residential,Single Family,,,,POINT (-73.10754296 41.526999009),-73.10754296,41.526999009
220119,2022,03/01/2023,Brookfield,993 FEDERAL RD,2032970.00,2610000.00,0.7789,Industrial,,25 - Other,"Non Arms Length, purchaser has other business dealings together",,POINT (-73.415365002 41.493859017),-73.415365002,41.493859017
220358,2022,08/31/2023,New London,16 HEMPSTEAD CT,92050.00,250000.00,0.3682,Residential,Single Family,,,,POINT (-72.101969976 41.353460001),-72.101969976,41.353460001
220068,2022,12/06/2022,New Canaan,25 LAKEVIEW AVE-#2A,904470.00,1395000.00,0.6483,Residential,Condo,,,,POINT (-73.48658201 41.143892012),-73.48658201,41.143892012
221603,2022,01/12/2023,Manchester,53 BIGELOW STREET,162000.00,267000.00,0.6067,Residential,Single Family,,,,POINT (-72.523956975 41.779345005),-72.523956975,41.779345005
22015,2022,10/18/2022,Monroe,450 MONROE TPKE,1180900.00,111111.00,10.6281,Commercial,,08 - Part Interest,,,POINT (-73.21869102 41.313428996),-73.21869102,41.313428996
22007,2022,11/15/2022,Ashford,103 SAND HILL RD,250740.00,442000.00,0.5672,Residential,Single Family,,,,POINT (-72.165517962 41.896402013),-72.165517962,41.896402013
220014,2022,10/12/2022,Avon,872 WEST AVON ROAD,241730.00,490000.00,0.4933,Residential,Single Family,,,,POINT (-72.869371014 41.764532003),-72.869371014,41.764532003
220064,2022,02/13/2023,Brooklyn,211 WINDHAM RD,206600.00,441000.00,0.4684,Residential,Single Family,,,,POINT (-71.991749039 41.770677991),-71.991749039,41.770677991
220031,2022,03/07/2023,Bethlehem,84 RIDGE RD,113800.00,146000.00,0.7794,Residential,Single Family,14 - Foreclosure,FORECLOSURE SALE,,POINT (-73.204443042 41.655436001),-73.204443042,41.655436001
2222059,2022,12/16/2022,Ansonia,17 ELAINE DR,160160.00,240000.00,0.6673,Residential,Single Family,,,,POINT (-73.073202974 41.357784016),-73.073202974,41.357784016
220598,2022,06/06/2023,Greenwich,33 WILL-MERRY LANE,1247890.00,2250000.00,0.5546,Residential,Single Family,,,,POINT (-73.657772994 41.089099008),-73.657772994,41.089099008
220772,2022,07/20/2023,New Haven,29 TRUMAN ST,174370.00,339990.00,0.5129,Residential,Three Family,,,GOOD SALE PER MLS,POINT (-72.939796016 41.294931016),-72.939796016,41.294931016
2200117,2022,12/15/2022,East Hartford,214 HOLLISTER DR,121180.00,175000.00,0.6924,Residential,Single Family,14 - Foreclosure,,,POINT (-72.624224989 41.740387008),-72.624224989,41.740387008
220698,2022,07/06/2023,Meriden,73 DOUGLAS DR,111300.00,270000.00,0.4122,Residential,Single Family,07 - Change in Property,,RECENTLY RENOVATED PER MLS - SEE PREVIOUS SALE #220433,POINT (-72.837070009 41.51922802),-72.837070009,41.51922802
2200189,2022,01/23/2023,East Hartford,151 ELLINGTON RD,116880.00,210000.00,0.5565,Residential,Single Family,,,,POINT (-72.625606997 41.792401998),-72.625606997,41.792401998
221984,2022,08/01/2023,Manchester,37 ERIE STREET,276400.00,425000.00,0.6503,Residential,Single Family,,,,POINT (-72.53806397 41.750127995),-72.53806397,41.750127995
2200542,2022,09/22/2023,Naugatuck,9 MICHAEL LANE,324660.00,500000.00,0.6493,Residential,Single Family,,,,POINT (-73.077157975 41.51314301),-73.077157975,41.51314301
22043,2022,06/20/2023,Marlborough,59 ROBERTS RD,161900.00,378000.00,0.4283,Residential,Single Family,,,,POINT (-72.471918013 41.626518016),-72.471918013,41.626518016
210323,2021,09/14/2022,Suffield,63 SECOND ST,141890.00,250000.00,0.5675,Residential,Single Family,,,,POINT (-72.62139903 41.99550599),-72.62139903,41.99550599
220152,2022,05/16/2023,Colchester,15 JORDAN LN,300800.00,475000.00,0.6332,Residential,Single Family,,,,POINT (-72.3321466 41.5735261),-72.3321466,41.5735261
22038,2022,03/17/2023,Deep River,20 VILLAGE ST,195650.00,96403.00,2.0295,Residential,Single Family,01 - Family,,,POINT (-72.437839961 41.386643998),-72.437839961,41.386643998
221409,2022,09/12/2023,Fairfield,52 BEAVER BROOK LANE,271180.00,635000.00,0.4270,Residential,Single Family,07 - Change in Property,UPDATES & UPGRADES,,POINT (-73.245589972 41.209603996),-73.245589972,41.209603996
220256,2022,07/07/2023,East Lyme,179 N BRIDEBROOK,404040.00,685000.00,0.5898,Residential,Single Family,,,,POINT (-72.241660008 41.338837981),-72.241660008,41.338837981
220954,2022,04/17/2023,Bridgeport,950 LAKESIDE DR,166840.00,399000.00,0.4181,Residential,Single Family,,,,POINT (-73.210351026 41.220359989),-73.210351026,41.220359989
2200220,2022,04/10/2023,East Haven,233 MANSFIELD GROVE RD,161770.00,255000.00,0.6343,Residential,Condo,18 - In Lieu Of Foreclosure,,,POINT (-72.861140991 41.253888021),-72.861140991,41.253888021
220200,2022,11/04/2022,Bridgeport,215 CLEVELAND AVE,176900.00,205000.00,0.8629,Residential,Single Family,,,,POINT (-73.208671963 41.191660017),-73.208671963,41.191660017
220058,2022,03/31/2023,Easton,58 SUNSET ROAD,455140.00,798000.00,0.5704,Residential,Single Family,,,,POINT (-73.273982999 41.238770001),-73.273982999,41.238770001
2200443,2022,07/24/2023,Naugatuck,106 JOHNSON ST,174650.00,320000.00,0.5457,Residential,Single Family,,,,POINT (-73.045982995 41.492039012),-73.045982995,41.492039012
2200102,2022,05/05/2023,New Fairfield,12 MULLER ST,156400.00,409000.00,0.3823,Residential,Single Family,,,,POINT (-73.525949965 41.456037984),-73.525949965,41.456037984
221039,2022,05/10/2023,Fairfield,855 STILLSON ROAD,827960.00,1635000.00,0.5064,Residential,Single Family,07 - Change in Property,PERMIT WORK,,POINT (-73.256478986 41.17579999),-73.256478986,41.17579999
220873,2022,09/06/2023,Meriden,4 WEST WIND,40180.00,145000.00,0.2771,Residential,Condo,,,,POINT (-72.782797905 41.502411556),-72.782797905,41.502411556
220294,2022,01/10/2023,Hartford,200 BLUE HILLS AVE,100843.00,300000.00,0.3361,Residential,Two Family,,,,POINT (-72.698089002 41.78969699),-72.698089002,41.78969699
220384,2022,03/02/2023,Hamden,65 WILLARD ST,145740.00,285000.00,0.5113,Residential,Single Family,,,,POINT (-72.895288026 41.388788005),-72.895288026,41.388788005
220126,2022,11/07/2022,Milford,210 NORTH ST + 0 NORTH ST,243540.00,180500.00,1.3492,Residential,Single Family,25 - Other,MULTI PROPERTY SALE,,POINT (-73.056797997 41.234161002),-73.056797997,41.234161002
220361,2022,02/06/2023,Milford,72 BERWYN ST,153300.00,200000.00,0.7665,Residential,Single Family,,,,POINT (-73.101397014 41.205270007),-73.101397014,41.205270007
220049,2022,11/08/2022,Killingly,273 MAIN ST,234430.00,295000.00,0.7946,Residential,Two Family,,,,POINT (-71.880504001 41.808492989),-71.880504001,41.808492989
220087,2022,11/07/2022,Branford,307 WALDEN GREEN,115000.00,300000.00,0.3833,Residential,Condo,07 - Change in Property,RENO PRIOR TO SALE,,POINT (-72.842477007 41.274443004),-72.842477007,41.274443004
22256,2022,06/30/2023,Montville,7 LIBBY DR,135170.00,365000.00,0.3703,Residential,Single Family,07 - Change in Property,PROPERTY RENOVATION PRIOR TO SALE,,POINT (-72.103943998 41.491658013),-72.103943998,41.491658013
221635,2022,02/06/2023,Manchester,188 MAIN STREET UNIT B,139900.00,300000.00,0.4663,Residential,Condo,,,,POINT (-72.525754977 41.787034982),-72.525754977,41.787034982
220040,2022,01/04/2023,Essex,159 RIVER RD,1443200.00,4600000.00,0.3137,Residential,Single Family,,,,POINT (-72.38788298 41.378069982),-72.38788298,41.378069982
22139,2022,09/21/2023,Beacon Falls,77 DORCHESTER COURT,104410.00,190000.00,0.5495,Residential,Condo,,,,POINT (-73.036846972 41.465006998),-73.036846972,41.465006998
220138,2022,03/20/2023,Ledyard,8 HEATH SPUR,250880.00,485000.00,0.5173,Residential,Single Family,,OWNER/AGENT SALE,GOOD SALE PER MLS,POINT (-71.998631001 41.468302008),-71.998631001,41.468302008
220141,2022,11/29/2022,New Haven,367 CENTRAL AV,256060.00,505000.00,0.5070,Residential,Three Family,,,,POINT (-72.962185001 41.319221981),-72.962185001,41.319221981
220028,2022,10/13/2022,Branford,144 JEFFERSON WOODS,100800.00,238000.00,0.4235,Residential,Condo,,,,POINT (-72.845357715 41.271332917),-72.845357715,41.271332917
222087,2022,09/14/2023,Manchester,230 LAKE STREET,224400.00,350000.00,0.6411,Residential,Single Family,,,,POINT (-72.473496996 41.788750003),-72.473496996,41.788750003
220071,2022,12/01/2022,Madison,282 OPENING HILL RD,318800.00,530000.00,0.6015,Residential,Single Family,,,,POINT (-72.631296968 41.32350199),-72.631296968,41.32350199
220008,2022,11/16/2022,Lyme,205 BEAVER BROOK RD,270900.00,875000.00,0.3096,Residential,Single Family,,,,POINT (-72.300715964 41.411988987),-72.300715964,41.411988987
220057,2022,10/27/2022,Greenwich,9 OAK LANE,1737190.00,2775000.00,0.6260,Residential,Single Family,,,,POINT (-73.65772396 41.000454012),-73.65772396,41.000454012
220390,2022,12/12/2022,Bridgeport,80 ROBERT ST,135700.00,275000.00,0.4934,Residential,Single Family,,,,POINT (-73.193663998 41.209068015),-73.193663998,41.209068015
220135,2022,04/18/2023,East Hampton,105 DANIEL ST,209710.00,451000.00,0.4649,Residential,Single Family,,,,POINT (-72.493896034 41.558476995),-72.493896034,41.558476995
220734,2022,07/12/2023,New Haven,15 HUNTINGTON AV,147350.00,278100.00,0.5298,Residential,Two Family,,,,POINT (-72.889981024 41.28292),-72.889981024,41.28292
2200527,2022,09/18/2023,Naugatuck,3 WOODCREST DR,294840.00,537000.00,0.5490,Residential,Single Family,,,,POINT (-73.043246974 41.486246992),-73.043246974,41.486246992
220104,2022,11/14/2022,Hartford,198 EUCLID ST WEST,52296.00,170000.00,0.3076,Residential,Single Family,25 - Other,No MLS listing; Not exposed to market,,POINT (-72.704789998 41.805923014),-72.704789998,41.805923014
220565,2022,04/17/2023,Hartford,33 NELSON ST,12320.00,45000.00,0.2738,Commercial,,14 - Foreclosure,Sale of a Previous foreclosure,,POINT (-72.675373035 41.787228635),-72.675373035,41.787228635
220865,2022,08/10/2023,Hartford,182 PLAINFIELD ST,61703.00,240000.00,0.2570,Residential,Single Family,,,,POINT (-72.703367003 41.792195007),-72.703367003,41.792195007
220221,2022,04/24/2023,New London,32 CUTLER ST,100870.00,271000.00,0.3722,Residential,Two Family,,,,POINT (-72.111184035 41.347991983),-72.111184035,41.347991983
22000196,2022,04/06/2023,Cheshire,181 W JOHNSON AVE,14829890.00,39000000.00,0.3802,Industrial,,,,,POINT (-72.89696097 41.552470984),-72.89696097,41.552470984
2200229,2022,02/09/2023,East Hartford,48 CHERRY ST,106940.00,200000.00,0.5347,Residential,Single Family,,,,POINT (-72.656829 41.773017003),-72.656829,41.773017003
220120,2022,11/16/2022,Meriden,24 MATTABASSET,132160.00,225000.00,0.5873,Residential,Condo,,,,POINT (-72.759820965 41.547623017),-72.759820965,41.547623017
22122,2022,02/01/2023,Montville,426 CHERRY LN,175550.00,300000.00,0.5851,Residential,Single Family,25 - Other,ADMINISTRATOR'S DEED,,POINT (-72.158743959 41.483685985),-72.158743959,41.483685985
2200311,2022,09/29/2023,Bloomfield,329 ROCKWELL AVE,105840.00,168000.00,0.6300,Residential,Single Family,14 - Foreclosure,,PURCHASE OF A FORECLOSED PROPERTY,POINT (-72.713411037 41.820385988),-72.713411037,41.820385988
220281,2022,09/14/2023,Brookfield,104 LONG MEADOW HILL RD,337020.00,622000.00,0.5418,Residential,Single Family,,,,POINT (-73.396306985 41.491086996),-73.396306985,41.491086996
221767,2022,04/25/2023,Manchester,104 AUTUMN STREET,180400.00,340000.00,0.5305,Residential,Single Family,,,,POINT (-72.505272959 41.772564003),-72.505272959,41.772564003
220015,2022,10/25/2022,East Windsor,9 THOMPSON RD,574790.00,975000.00,0.5895,Industrial,,,,,POINT (-72.608081024 41.913584998),-72.608081024,41.913584998
2200114,2022,12/15/2022,New Milford,293 CANDLEWOOD MTN,160790.00,341000.00,0.4715,Residential,Single Family,,SALES RATIO,,POINT (-73.448146038 41.558878991),-73.448146038,41.558878991
220140,2022,12/12/2022,Enfield,23 RIDGE RD,147900.00,235000.00,0.6293,Residential,Single Family,,,,POINT (-72.572024005 42.006772986),-72.572024005,42.006772986
220239,2022,01/13/2023,Greenwich,25 BIBLE STREET,588140.00,884000.00,0.6653,Residential,Two Family,,,,POINT (-73.59552697 41.043536994),-73.59552697,41.043536994
22314,2022,08/31/2023,Montville,21 CHURCH LN,296800.00,485000.00,0.6119,Residential,Single Family,10 - A Will,,,POINT (-72.099074028 41.473278008),-72.099074028,41.473278008
220207,2022,12/29/2022,Fairfield,1173 STRATFIELD ROAD,150780.00,327000.00,0.4611,Residential,Condo,,,,POINT (-73.236348002 41.196552995),-73.236348002,41.196552995
2200084,2022,11/21/2022,Naugatuck,166 ROUND HILL RD,229110.00,370000.00,0.6192,Residential,Single Family,,,,POINT (-73.075295013 41.500524013),-73.075295013,41.500524013
220455,2022,04/11/2023,New Haven,259 ELAINE TER,144410.00,282000.00,0.5120,Residential,Single Family,,,,POINT (-72.894061 41.286554016),-72.894061,41.286554016
220121,2022,12/12/2022,Groton,95 VALLEY RD,191520.00,350000.00,0.5472,Residential,Single Family,,,,POINT (-72.052799972 41.355277994),-72.052799972,41.355277994
220020,2022,10/06/2022,Hamden,3311 WHITNEY AVE,237580.00,1345000.00,0.1766,Vacant Land,,25 - Other,"MULTIPLE PROP; 1 DEED; 3321 WHITNEY AVE, 3327 WHITNEY AVE, 3335 WHITNEY AVE, 3341 WHITNEY AVE",,POINT (-72.90246875 41.415194322),-72.90246875,41.415194322
220363,2022,02/23/2023,Hamden,27 OAKWOOD LA,334670.00,477500.00,0.7008,Residential,Single Family,,,,POINT (-72.935628031 41.438335991),-72.935628031,41.438335991
220249,2022,08/10/2023,Brookfield,6 LONGVIEW DR,382340.00,560000.00,0.6827,Residential,Single Family,,,,POINT (-73.440741968 41.471707994),-73.440741968,41.471707994
22181,2022,06/06/2023,Derby,42 COPPOLA TERR,169400.00,315000.00,0.5377,Residential,Single Family,,,,POINT (-73.096544982 41.32987999),-73.096544982,41.32987999
220174,2022,05/09/2023,Ledyard,89 MEETINGHOUSE LN,126280.00,335089.00,0.3769,Residential,Single Family,07 - Change in Property,,TOTAL RENOVATION PER MLS,POINT (-71.976633031 41.43517199),-71.976633031,41.43517199
222090,2022,06/28/2023,Bridgeport,88 CANAAN CT BLDG 84 APT 11,866170.00,45000.00,19.2482,Commercial,,08 - Part Interest,COOP (SUCCESS VILLAGE),,POINT (-73.15518201 41.198705007),-73.15518201,41.198705007
220072,2022,01/30/2023,Griswold,85 BMW DRIVE,282310.00,449900.00,0.6274,Residential,Single Family,,,,POINT (-71.959891018 41.586944997),-71.959891018,41.586944997
22074,2022,07/31/2023,Columbia,27 WHITNEY ROAD,187320.00,440000.00,0.4257,Residential,Single Family,,,,POINT (-72.324143971 41.723331009),-72.324143971,41.723331009
2200202,2022,02/27/2023,New Milford,30 GLEN RIDGE CT,95830.00,196000.00,0.4889,Residential,Condo,10 - A Will,WILL,,POINT (-73.423164027 41.586100017),-73.423164027,41.586100017
22005,2022,10/05/2022,Columbia,63 JOHNSON ROAD,106750.00,220000.00,0.4852,Residential,Single Family,,,,POINT (-72.266532971 41.702264017),-72.266532971,41.702264017
221087,2022,05/16/2023,Bridgeport,127 STRATFIELD PL,149320.00,430000.00,0.3472,Residential,Single Family,,,,POINT (-73.220046038 41.202007016),-73.220046038,41.202007016
22070,2022,08/03/2023,Deep River,39 PINEWOOD TRAIL,367360.00,627000.00,0.5859,Residential,Single Family,,,,POINT (-72.479301967 41.361420002),-72.479301967,41.361420002
220206,2022,12/14/2022,Hartford,8 MARTIN ST,55015.00,210000.00,0.2619,Residential,Three Family,,,,POINT (-72.680940969 41.785914992),-72.680940969,41.785914992
220269,2022,07/20/2023,Avon,7 GRAY PINE COMMON,112110.00,227000.00,0.4938,Residential,Condo,,,,POINT (-72.852074035 41.809726009),-72.852074035,41.809726009
2200415,2022,08/29/2023,East Haven,2 OLD TOWN HWY #33,305130.00,675000.00,0.4520,Residential,Condo,,,,POINT (-72.898994001 41.24640998),-72.898994001,41.24640998
220038,2022,10/18/2022,Branford,F70 RIVERVIEW CROSSING,74300.00,160000.00,0.4643,Residential,Condo,,,,POINT (-72.853534089 41.254953186),-72.853534089,41.254953186
220990,2022,04/25/2023,Bridgeport,879 GILMAN ST,425459.00,770000.00,0.5525,Residential,Single Family,04 - Correcting Deed,,,POINT (-73.231229006 41.144542993),-73.231229006,41.144542993
22011,2022,10/17/2022,Derby,40 DERBYSHIRE,122500.00,258500.00,0.4738,Residential,Condo,,,,POINT (-73.055566485 41.323237061),-73.055566485,41.323237061
220918,2022,04/05/2023,Bridgeport,597-601 NEWFIELD AVE,56710.00,190000.00,0.2984,Residential,Condo,,,,POINT (-73.167339961 41.176834987),-73.167339961,41.176834987
220066,2022,12/01/2022,New London,72 SUNSET ST,104510.00,200000.00,0.5225,Residential,Single Family,,,,POINT (-72.11137598 41.339016013),-72.11137598,41.339016013
220972,2022,04/21/2023,Bridgeport,137 RICHFIELD RD,195430.00,350000.00,0.5583,Residential,Single Family,01 - Family,,,POINT (-73.237672007 41.226974987),-73.237672007,41.226974987
220192,2022,05/16/2023,New Canaan,176 OLD NORWALK RD,1227870.00,3050000.00,0.4025,Residential,Single Family,,,,POINT (-73.472479961 41.13621201),-73.472479961,41.13621201
220193,2022,05/16/2023,Killingly,30 MAYHEW DR,146860.00,317000.00,0.4632,Residential,Single Family,,,,POINT (-71.871384993 41.87734299),-71.871384993,41.87734299
220054,2022,01/09/2023,Brooklyn,30 ROBBINS RD,190900.00,320000.00,0.5965,Residential,Single Family,,,,POINT (-72.004432032 41.772302991),-72.004432032,41.772302991
220373,2022,03/17/2023,Greenwich,311 STANWICH ROAD,2853760.00,5000000.00,0.5707,Residential,Single Family,,,,POINT (-73.600016988 41.079209997),-73.600016988,41.079209997
2200146,2022,07/12/2023,New Fairfield,7 RIDGE RD,268300.00,250700.00,1.0702,Residential,Single Family,08 - Part Interest,PARTIAL INTEREST,,POINT (-73.455643986 41.489487016),-73.455643986,41.489487016
2200455,2022,09/28/2023,East Haven,110 HUGHES ST,183750.00,450000.00,0.4083,Residential,Two Family,,,,POINT (-72.885114994 41.282945984),-72.885114994,41.282945984
220005,2022,10/03/2022,Hartford,85 NEWINGTON AVE,65452.00,230000.00,0.2845,Residential,Single Family,,,,POINT (-72.708379967 41.730504996),-72.708379967,41.730504996
220368,2022,06/12/2023,Groton,0 GALES FERRY RD,526540.00,225000.00,2.3401,Vacant Land,,19 - Easement,EASEMENT TO UTILITY COMPANY ON PA490 LAND,,POINT (-72.034792795 41.392165571),-72.034792795,41.392165571
221542,2022,12/16/2022,Manchester,261 HACKMATACK STREET,146300.00,250000.00,0.5852,Residential,Single Family,,,,POINT (-72.533633966 41.759587015),-72.533633966,41.759587015
220217,2022,01/24/2023,Enfield,12 GARY DR,137400.00,143000.00,0.9608,Residential,Single Family,14 - Foreclosure,,,POINT (-72.561291984 42.013037997),-72.561291984,42.013037997
220792,2022,07/28/2023,New Haven,27 WILSON ST,123340.00,265000.00,0.4654,Residential,Two Family,,,,POINT (-72.937862982 41.291346998),-72.937862982,41.291346998
220071,2022,02/13/2023,Ellington,3 JOBS HILL RD,174680.00,500000.00,0.3494,Commercial,,,,,POINT (-72.476558989 41.906614984),-72.476558989,41.906614984
22122,2022,02/06/2023,North Haven,40 NEWBURY CT,1.00,469900.00,0.0000,Residential,Condo,07 - Change in Property,NOT COMPLETE ON 10/01/22,,POINT (-72.8608944 41.388683),-72.8608944,41.388683
220810,2022,08/03/2023,Meriden,2588 MERIDEN SQ TNHS,52990.00,2050000.00,0.0258,Residential,Condo,25 - Other,MULTIPLE PARCELS,,POINT (-72.80118083 41.551740673),-72.80118083,41.551740673
220076,2022,01/03/2023,Bloomfield,1085-A BLUE HILLS AVE,35980.00,82000.00,0.4387,Residential,Condo,,,,POINT (-72.696765445 41.826570253),-72.696765445,41.826570253
220243,2022,05/12/2023,New London,0 SANDER ST,18760.00,44900.00,0.4178,Vacant Land,,,,,POINT (-72.107646984 41.335812709),-72.107646984,41.335812709
220262,2022,01/05/2023,Hamden,85 WEST HELEN ST,116690.00,90000.00,1.2965,Residential,Single Family,25 - Other,LOW SALES PRICE,,POINT (-72.946827008 41.351355012),-72.946827008,41.351355012
22063,2022,07/17/2023,Bethany,696 AMITY RD,342390.00,537500.00,0.6370,Commercial,,,"16 units sold in this transaction: B1, B3, B4, B5, GL1, GL2, GL3, GL4, GL5, GL6, UL3, UL4, UL5, UL6,",,POINT (-72.991156966 41.437384017),-72.991156966,41.437384017
220371,2022,12/22/2022,Branford,GARAGE 3 FOXBRIDGE,2700.00,14000.00,0.1928,Residential,Condo,25 - Other,GARAGE IN CONDO COMPLEX/PRIVATE SALE,,POINT (-72.827750003 41.306552985),-72.827750003,41.306552985
220220,2022,06/15/2023,Avon,2 MAPLE LANE,107390.00,335000.00,0.3205,Residential,Condo,,,,POINT (-72.876997037 41.771027014),-72.876997037,41.771027014
2200305,2022,04/19/2023,Naugatuck,380 NORTH MAIN ST,129010.00,300000.00,0.4300,Commercial,,,,,POINT (-73.047628027 41.500872994),-73.047628027,41.500872994
220025,2022,10/14/2022,Groton,41 ROSE LN,351540.00,480000.00,0.7323,Residential,Single Family,,,,POINT (-72.042291999 41.369800983),-72.042291999,41.369800983
220239,2022,06/26/2023,East Lyme,68 OAKWOOD,146300.00,300000.00,0.4876,Residential,Single Family,,,,POINT (-72.230272019 41.307120985),-72.230272019,41.307120985
221051,2022,05/08/2023,Bridgeport,45 STEVENS STUNIT #2L,34990.00,85000.00,0.4116,Residential,Condo,,,,POINT (-73.204156967 41.207973003),-73.204156967,41.207973003
220149,2022,04/04/2023,New Canaan,312 ELM ST-UNIT 36,667100.00,1150000.00,0.5800,Residential,Condo,,,,POINT (-73.500971977 41.143754004),-73.500971977,41.143754004
220188,2022,08/01/2023,Clinton,32 & 36 CARTER HILL RD,202400.00,307500.00,0.6582,Vacant Land,,25 - Other,2 PARCELS INCLUDED IN SALE. LAND ONLY. NOT ON OPEN MARKET.,,POINT (-72.509579091 41.314493773),-72.509579091,41.314493773
22236,2022,07/18/2023,Darien,317 NOROTON AVE,540120.00,1610000.00,0.3354,Residential,Single Family,,,,POINT (-73.493789022 41.079669996),-73.493789022,41.079669996
220180,2022,03/17/2023,New London,180 GARDNER AVE,126420.00,284000.00,0.4451,Residential,Single Family,,,,POINT (-72.09803199 41.323843008),-72.09803199,41.323843008
220251,2022,11/16/2022,Bridgeport,90 VIRGINIA AVE,41070.00,160000.00,0.2567,Residential,Condo,,,,POINT (-73.176223018 41.210653997),-73.176223018,41.210653997
220565,2022,05/08/2023,Hamden,3208 WHITNEY AVE U5C,103180.00,230000.00,0.4486,Residential,Condo,,,,POINT (-72.90217904 41.411855003),-72.90217904,41.411855003
22283,2022,08/30/2023,Darien,160 NEARWATER LANE,796180.00,1730000.00,0.4602,Residential,Single Family,,,,POINT (-73.489231026 41.048308979),-73.489231026,41.048308979
220100,2022,06/01/2023,Brooklyn,379 TRIPP HOLLOW RD,98200.00,469900.00,0.2089,Residential,Single Family,07 - Change in Property,,,POINT (-71.98687798 41.754128007),-71.98687798,41.754128007
220729,2022,06/14/2023,Milford,130 QUARRY RD,264220.00,485000.00,0.5447,Residential,Single Family,,,,POINT (-73.014290013 41.244189991),-73.014290013,41.244189991
2200104,2022,12/07/2022,New Milford,9 ASPETUCK PINES DR,205490.00,435000.00,0.4724,Residential,Single Family,,SALES RATIO,,POINT (-73.432812017 41.621223),-73.432812017,41.621223
22196,2022,07/14/2023,Monroe,203A WINDGATE CIR,107200.00,252000.00,0.4253,Residential,Condo,,,,POINT (-73.270267971 41.337859017),-73.270267971,41.337859017
220985,2022,04/18/2023,Fairfield,33 HEATHER LANE,421540.00,263333.00,1.6008,Residential,Single Family,08 - Part Interest,,,POINT (-73.274361022 41.169226985),-73.274361022,41.169226985
22020,2022,04/24/2023,Franklin,413 POND RD,123650.00,180000.00,0.6869,Residential,Single Family,,,,POINT (-72.151380038 41.630264014),-72.151380038,41.630264014
22192,2022,06/13/2023,Darien,11 DRIFTWAY LANE,1212540.00,3000000.00,0.4041,Residential,Single Family,,,,POINT (-73.455727973 41.072764984),-73.455727973,41.072764984
220098,2022,02/21/2023,East Hampton,MBL 26/87/6,14080.00,400000.00,0.0352,Vacant Land,,28 - Use Assessment,FLANDERS RD,,POINT (-72.502526 41.575581),-72.502526,41.575581
2222044,2022,11/15/2022,Ansonia,321 BEAVER ST,274190.00,317500.00,0.8635,Residential,Two Family,25 - Other,"LOW SALE, SOLD OUT OF FCL",,POINT (-73.068406011 41.350347005),-73.068406011,41.350347005
220005,2022,10/11/2022,Litchfield,376 TORRINGTON RD,93830.00,212000.00,0.4425,Residential,Single Family,,,,POINT (-73.176749988 41.76527598),-73.176749988,41.76527598
221015,2022,08/30/2023,Milford,348 FOXWOOD LN,119270.00,220000.00,0.5421,Residential,Condo,,,,POINT (-73.033004728 41.245422884),-73.033004728,41.245422884
223476,2022,08/16/2023,Newington,90 HARDING AVE,117270.00,265000.00,0.4425,Residential,Single Family,,,,POINT (-72.729958004 41.710203021),-72.729958004,41.710203021
221036,2022,05/04/2023,Bridgeport,300 NORTH BISHOP AVE BLDG #94,866170.00,45000.00,19.2482,Commercial,,08 - Part Interest,SUCCESS VILLAGE,,POINT (-73.156145675 41.196828613),-73.156145675,41.196828613
220936,2022,08/30/2023,Hamden,24 PENN ST,134260.00,310000.00,0.4330,Residential,Single Family,,,,POINT (-72.934214004 41.363847987),-72.934214004,41.363847987
22198,2022,07/05/2023,Derby,121 HAWTHORNE AVE,151970.00,280000.00,0.5427,Residential,Two Family,,,,POINT (-73.095876022 41.327706017),-73.095876022,41.327706017
22117,2022,03/28/2023,Darien,11 PARSONS WALK,1205890.00,2700000.00,0.4466,Residential,Single Family,,,,POINT (-73.485955965 41.077198005),-73.485955965,41.077198005
220063,2022,11/04/2022,Groton,188 RIDGEWOOD DR,189420.00,320000.00,0.5919,Residential,Single Family,25 - Other,SOLD AFTER DEATH OF RES BY EXEC DEED,,POINT (-72.004509984 41.354169991),-72.004509984,41.354169991
220700,2022,05/31/2023,Milford,512 ANDERSON AVE,312260.00,595000.00,0.5248,Residential,Single Family,,,,POINT (-73.009418032 41.236352996),-73.009418032,41.236352996
223266,2022,04/28/2023,Newington,32 CHAPLIN ST,167130.00,237000.00,0.7051,Residential,Condo,,,,POINT (-72.704590006 41.687270008),-72.704590006,41.687270008
2200493,2022,08/29/2023,Naugatuck,192 QUINN STREET,151410.00,305000.00,0.4964,Residential,Single Family,,,,POINT (-73.064395018 41.499884013),-73.064395018,41.499884013
220895,2022,08/15/2023,Meriden,223 BLACKSTONE VLG,63280.00,140000.00,0.4520,Residential,Condo,,,,POINT (-72.782444978 41.551544993),-72.782444978,41.551544993
220045,2022,01/17/2023,Mansfield,1196-1204 STORRS RD,605100.00,850000.00,0.7118,Commercial,,,,,POINT (-72.24000299 41.801005016),-72.24000299,41.801005016
220217,2022,02/24/2023,Groton,86 CROSSWINDS DR,496930.00,840000.00,0.5915,Residential,Single Family,,,,POINT (-71.998590013 41.335492009),-71.998590013,41.335492009
220954,2022,09/25/2023,Meriden,19 ANDREA HGTS,41160.00,21463.00,1.9177,Vacant Land,,19 - Easement,,,POINT (-72.84110747 41.528500086),-72.84110747,41.528500086
220006,2022,10/21/2022,Lisbon,327 N BURNHAM HGWY,110070.00,145000.00,0.7591,Residential,Single Family,26 - Rehabilitation Deferred,E0061400,,POINT (-72.000654979 41.631876985),-72.000654979,41.631876985
220016,2022,11/02/2022,North Branford,206 PARSONAGE HILL RD,194600.00,370000.00,0.5259,Residential,Single Family,,,,POINT (-72.810384963 41.374196998),-72.810384963,41.374196998
220096,2022,03/21/2023,Coventry,MAIN ST,84500.00,100000.00,0.8450,Vacant Land,,,29/174,,POINT (-72.357402357 41.792776111),-72.357402357,41.792776111
22193,2022,04/25/2023,North Haven,111 SUGAR HILL RD,231760.00,485000.00,0.4778,Residential,Single Family,,,,POINT (-72.845902021 41.343489015),-72.845902021,41.343489015
22042,2022,05/03/2023,Bethany,5 HATFIELD HILL RD,260790.00,575000.00,0.4535,Residential,Single Family,,,,POINT (-72.981304039 41.414052989),-72.981304039,41.414052989
22054,2022,12/21/2022,Derby,42 SUNSET DR,152180.00,324900.00,0.4683,Residential,Single Family,,,,POINT (-73.063174027 41.321189004),-73.063174027,41.321189004
2200050,2022,11/01/2022,Naugatuck,107 WOOSTER ST,222320.00,367000.00,0.6057,Residential,Single Family,07 - Change in Property,,,POINT (-73.036926013 41.499517011),-73.036926013,41.499517011
221234,2022,07/13/2023,Fairfield,149 BROOKLAWN TERRACE,360570.00,800000.00,0.4507,Residential,Single Family,07 - Change in Property,UPDATES & UPGRADES,,POINT (-73.221670032 41.194002005),-73.221670032,41.194002005
221094,2022,09/18/2023,Milford,27 KEREMA AVE,209590.00,340000.00,0.6164,Residential,Single Family,,,,POINT (-73.107091008 41.198980017),-73.107091008,41.198980017
220131,2022,12/07/2022,Enfield,364 HAZARD AVE,224800.00,300000.00,0.7493,Residential,Three Family,,,,POINT (-72.535436997 41.985919984),-72.535436997,41.985919984
221708,2022,03/21/2023,Manchester,200 SHELDON ROAD,547900.00,860000.00,0.6370,Industrial,,,,,POINT (-72.511106009 41.798267989),-72.511106009,41.798267989
220013,2022,10/14/2022,Griswold,35 ALVINA AV,101360.00,160000.00,0.6335,Residential,Single Family,,,,POINT (-71.916645007 41.579082981),-71.916645007,41.579082981
220049,2022,11/07/2022,Brookfield,83 STONY HILL,288300.00,128129.00,2.2501,Residential,Two Family,08 - Part Interest,2 OWNERS SOLD THEIR COMBINED 50% INTEREST TO OTHER OWNER,,POINT (-73.392298004 41.441517007),-73.392298004,41.441517007
220323,2022,02/14/2023,New Haven,36 LYON ST,539560.00,1630000.00,0.3310,Apartments,,,,,POINT (-72.916301039 41.308661998),-72.916301039,41.308661998
2200466,2022,08/08/2023,Naugatuck,68 HIGH ST,123410.00,305000.00,0.4046,Residential,Two Family,,,,POINT (-73.048282989 41.482714983),-73.048282989,41.482714983
220021,2022,11/23/2022,Essex,9 CLARKS POND LA,251400.00,560000.00,0.4489,Residential,Single Family,,,,POINT (-72.456161963 41.34689299),-72.456161963,41.34689299
22041,2022,11/17/2022,Monroe,33 HIGHLAND DRIVE,146800.00,231500.00,0.6341,Residential,Condo,,,,POINT (-73.194323989 41.361430018),-73.194323989,41.361430018
22065,2022,11/22/2022,Montville,20 DESJARDINS DR,180530.00,327000.00,0.5520,Residential,Single Family,,,,POINT (-72.108912036 41.493479987),-72.108912036,41.493479987
220125,2022,04/05/2023,East Hampton,12 NORTH RIDGE,187590.00,369000.00,0.5083,Residential,Single Family,01 - Family,,,POINT (-72.486255007 41.593634007),-72.486255007,41.593634007
220173,2022,07/17/2023,Harwinton,5 NEIDT RD,141840.00,360000.00,0.3940,Residential,Single Family,,,,POINT (-73.091176959 41.798245987),-73.091176959,41.798245987
22146,2022,05/25/2023,Monroe,17 HIGHLAND DR,114000.00,205000.00,0.5560,Residential,Condo,,,,POINT (-73.194119974 41.361924005),-73.194119974,41.361924005
220263,2022,09/26/2023,East Hampton,16 DANIEL ST,242100.00,469900.00,0.5152,Residential,Single Family,07 - Change in Property,NEW CONSTRUCTION,,POINT (-72.50810403 41.556215012),-72.50810403,41.556215012
2200159,2022,01/04/2023,East Hartford,677 FORBES ST,145770.00,180000.00,0.8098,Residential,Single Family,,,,POINT (-72.600767982 41.757269),-72.600767982,41.757269
220015,2022,10/04/2022,Hamden,210 COOPER LA,139160.00,335000.00,0.4154,Residential,Single Family,,,,POINT (-72.949148963 41.370755011),-72.949148963,41.370755011
220109,2022,07/14/2023,Hebron,169 HOPE VALLEY RD,170660.00,322000.00,0.5300,Residential,Single Family,,,,POINT (-72.368996959 41.640254991),-72.368996959,41.640254991
220099,2022,03/01/2023,East Windsor,107 GREENWOODS LN,92220.00,215000.00,0.4289,Residential,Condo,,,,POINT (-72.611118039 41.915227013),-72.611118039,41.915227013
220077,2022,11/01/2022,Meriden,3 NEW ENGLAND PARK,22890.00,60000.00,0.3815,Residential,Single Family,25 - Other,SALE FROM ESTATE,,POINT (-72.772570108 41.570684712),-72.772570108,41.570684712
221277,2022,07/31/2023,Fairfield,26 WILDWOOD ROAD,317380.00,500000.00,0.6347,Residential,Single Family,01 - Family,,,POINT (-73.248388019 41.194692003),-73.248388019,41.194692003
2200173,2022,05/02/2023,Bloomfield,1081-F BLUE HILLS AVE,32550.00,85000.00,0.3829,Residential,Condo,,,,POINT (-72.696765445 41.826570253),-72.696765445,41.826570253
220451,2022,01/18/2023,Fairfield,38 REYNOLDS DRIVE,335370.00,630000.00,0.5323,Residential,Single Family,,,,POINT (-73.240927036 41.168305018),-73.240927036,41.168305018
220139,2022,03/10/2023,Madison,9 MADRINA N,221700.00,436170.00,0.5082,Residential,Single Family,,,,POINT (-72.567168033 41.275651004),-72.567168033,41.275651004
220552,2022,07/31/2023,Enfield,HAMLET B05UF,113500.00,230000.00,0.4934,Residential,Condo,,,,POINT (-72.601364979 41.966679308),-72.601364979,41.966679308
22005,2022,11/16/2022,Eastford,40 LAKESIDE DR,93170.00,207088.00,0.4499,Residential,Single Family,,,,POINT (-72.124909988 41.898350009),-72.124909988,41.898350009
22159,2022,05/09/2023,Darien,9 CLOCKS LANE,1284500.00,2550000.00,0.5037,Residential,Single Family,,,,POINT (-73.464928034 41.071014004),-73.464928034,41.071014004
220160,2022,04/10/2023,Madison,1474 DURHAM RD,182910.00,260000.00,0.7035,Residential,Single Family,25 - Other,,TWO SALES SAME DAY - ALSO #220161,POINT (-72.638864989 41.372376993),-72.638864989,41.372376993
220035,2022,10/21/2022,East Lyme,25 COVE ST,170800.00,201000.00,0.8497,Residential,Single Family,09 - Tax,,,POINT (-72.187791025 41.33605301),-72.187791025,41.33605301
220822,2022,03/17/2023,Bridgeport,3183 MAIN ST,166344.00,450000.00,0.3696,Residential,Three Family,,,,POINT (-73.206010039 41.205220009),-73.206010039,41.205220009
220084,2022,02/27/2023,Griswold,80 L-33 SHELDON RD,49700.00,29900.00,1.6622,Residential,Single Family,07 - Change in Property,SALES RATIO. MOBILE HOME,PARTIALLY GUTTED DUE TO WATER DAMAGE PER MLS,POINT (-71.875925442 41.570674536),-71.875925442,41.570674536
22000024,2022,10/18/2022,Cheshire,460 CASTLE GLENN,304870.00,549900.00,0.5544,Residential,Condo,,,,POINT (-72.893904182 41.50871329),-72.893904182,41.50871329
22225,2022,08/14/2023,Monroe,4 CHERRY HILL CIRCLE,261300.00,475000.00,0.5501,Residential,Condo,14 - Foreclosure,GRANTOR OBTAINED PROPERTY IN LIEU OF FORECLOSURE,,POINT (-73.247338018 41.321674986),-73.247338018,41.321674986
220004,2022,10/31/2022,Cornwall,30 TOWN ST SOUTH,650600.00,1013000.00,0.6422,Residential,Single Family,,,,POINT (-73.321772 41.849947996),-73.321772,41.849947996
220764,2022,07/20/2023,Greenwich,CONCORD STREET 0012,594860.00,1100000.00,0.5407,Residential,Two Family,25 - Other,ESTATE SALE,,POINT (-73.661437982 41.028635018),-73.661437982,41.028635018
220093,2022,02/23/2023,East Windsor,16 MARGARET DR,144920.00,200001.00,0.7245,Residential,Single Family,01 - Family,CLEAR ESTATE,,POINT (-72.519629985 41.93335401),-72.519629985,41.93335401
220098,2022,11/15/2022,Greenwich,519 WEST LYON FARM DRIVE,673890.00,1125000.00,0.5990,Residential,Condo,,,,POINT (-73.656657264 41.027008695),-73.656657264,41.027008695
220293,2022,01/25/2023,Meriden,555 SO CURTIS ST,145180.00,242000.00,0.5999,Residential,Two Family,,,,POINT (-72.800533042 41.515747016),-72.800533042,41.515747016
220407,2022,02/22/2023,Milford,83 EAST BROADWAY #B,124820.00,264000.00,0.4728,Residential,Condo,,,,POINT (-73.081309774 41.195088635),-73.081309774,41.195088635
220510,2022,02/28/2023,Fairfield,450 CENTER STREET  UNIT 5,461160.00,730000.00,0.6317,Residential,Condo,,,,POINT (-73.290007018 41.136314981),-73.290007018,41.136314981
220120,2022,08/14/2023,Hebron,61 CHESTERFIELD RD,355600.00,605000.00,0.5877,Residential,Single Family,,,,POINT (-72.396646008 41.634490002),-72.396646008,41.634490002
220064,2022,10/20/2022,Milford,30 PEARL HILL ST,262570.00,460000.00,0.5708,Residential,Single Family,,,,POINT (-73.066676992 41.219073996),-73.066676992,41.219073996
221971,2022,07/28/2023,Manchester,7 LORRAINE ROAD,206000.00,407500.00,0.5055,Residential,Single Family,,,,POINT (-72.561363984 41.74799698),-72.561363984,41.74799698
220086,2022,09/18/2023,Lisbon,15 SERGEANTS WAY,265140.00,484000.00,0.5478,Residential,Single Family,,A0004800,,POINT (-72.006414017 41.62713002),-72.006414017,41.62713002
22065,2022,12/19/2022,Darien,5 WARNER DRIVE,380730.00,1060000.00,0.3592,Residential,Single Family,07 - Change in Property,,"TOTAL RENOVATION AND ADDITIONS - NEW ASSESSMENT = $635,040",POINT (-73.485086008 41.069871006),-73.485086008,41.069871006
220077,2022,12/09/2022,East Lyme,185 MAIN ST #202,187390.00,490000.00,0.3824,Residential,Condo,07 - Change in Property,NEW CONSTRUCTION,,POINT (-72.229245733 41.319044494),-72.229245733,41.319044494
22056,2022,11/16/2022,Montville,3 ANDERSEN LN,234570.00,439000.00,0.5343,Residential,Single Family,,,,POINT (-72.181255991 41.466362016),-72.181255991,41.466362016
22022,2022,12/05/2022,Barkhamsted,57 RIVER RD,206810.00,800000.00,0.2585,Residential,Single Family,28 - Use Assessment,"1830 CAPE, 2541 SFLA + 1800 SFLA COMM WKSHP, PA490, ALSO SOLD WITH 47 RIVER RD",,POINT (-72.993453021 41.904931018),-72.993453021,41.904931018
2200039,2022,10/31/2022,New Milford,295 PUMPKIN HILL RD,208230.00,423261.00,0.4920,Residential,Single Family,25 - Other,SALES RATIO,"PRE MLS SALE PRICE = $410,000",POINT (-73.402296022 41.510225018),-73.402296022,41.510225018
22072,2022,06/15/2023,Lebanon,EXETER RD,416360.00,33000.00,12.6170,Vacant Land,,08 - Part Interest,R0137101 CO OP CAMPGROUND UNIT 9A,,POINT (-72.249925719 41.622139907),-72.249925719,41.622139907
220115,2022,05/01/2023,Ellington,33 MAPLEWOOD DR,151910.00,280000.00,0.5425,Residential,Single Family,,,,POINT (-72.467771989 41.939871987),-72.467771989,41.939871987
220254,2022,12/27/2022,Hartford,15 ELLIOTT ST,75080.00,230000.00,0.3264,Residential,Two Family,,,,POINT (-72.674111981 41.746124002),-72.674111981,41.746124002
220583,2022,05/31/2023,New Haven,516 WOODWARD AV #18,101500.00,190000.00,0.5342,Residential,Condo,,,,POINT (-72.897568994 41.282772017),-72.897568994,41.282772017
220373,2022,12/06/2022,Bridgeport,305 SYLVAN ST,226880.00,456000.00,0.4975,Residential,Single Family,,,,POINT (-73.185780986 41.219469999),-73.185780986,41.219469999
220268,2022,03/27/2023,Naugatuck,41 COUNSELOR DR,232820.00,410000.00,0.5678,Residential,Single Family,,,,POINT (-73.025704992 41.499267985),-73.025704992,41.499267985
221735,2022,04/03/2023,Manchester,30-32 FOSTER STREET,262100.00,500000.00,0.5242,Residential,Two Family,,,,POINT (-72.518117974 41.775361002),-72.518117974,41.775361002
22009,2022,11/08/2022,Norfolk,24 RIVER PL & RIVER PL,118760.00,141000.00,0.8422,Residential,Three Family,,2 parcels,,POINT (-73.213348982 41.997281989),-73.213348982,41.997281989
220406,2022,03/31/2023,Greenwich,10 MAHER AVENUE,1401470.00,2650000.00,0.5288,Residential,Single Family,,,,POINT (-73.625018026 41.035465012),-73.625018026,41.035465012
220841,2022,08/14/2023,Greenwich,SHORE ACRE DRIVE 0003,1758330.00,4750000.00,0.3701,Residential,Single Family,07 - Change in Property,,,POINT (-73.565088005 41.022010004),-73.565088005,41.022010004
220307,2022,08/21/2023,Avon,43 FAR HILLS DRIVE,884200.00,1500000.00,0.5894,Residential,Single Family,,,,POINT (-72.806119999 41.795254989),-72.806119999,41.795254989
220610,2022,06/06/2023,New Haven,543 WOODWARD AV,652400.00,1000000.00,0.6524,Apartments,,25 - Other,,RESOLD SAME DAY - SEE #220611,POINT (-72.895790019 41.283391021),-72.895790019,41.283391021
220417,2022,04/04/2023,Greenwich,74 BENJAMIN STREET,1082410.00,2195000.00,0.4931,Residential,Single Family,,,,POINT (-73.560253993 41.024877998),-73.560253993,41.024877998
22035,2022,04/05/2023,Chester,37 CASTLE VIEW DR,138460.00,226099.00,0.6124,Residential,Single Family,14 - Foreclosure,SPECIAL WARRANTY DEED - BANK SOLD TO ANOTHER INVESTOR,,POINT (-72.438985013 41.420249018),-72.438985013,41.420249018
220027,2022,02/15/2023,Durham,478 POWDER HILL ROAD,265690.00,500000.00,0.5313,Residential,Single Family,28 - Use Assessment,MULTIPLE DEEDS / INDIVIDUAL AND TRUSTEES OF TWO TRUSTS,,POINT (-72.729862031 41.481889995),-72.729862031,41.481889995
22112,2022,07/24/2023,Haddam,198 HAYDEN HILL RD,240700.00,487000.00,0.4942,Residential,Single Family,,,,POINT (-72.515771041 41.468362986),-72.515771041,41.468362986
220832,2022,08/09/2023,Greenwich,BOULDER BROOK ROAD 0039,2745120.00,4450000.00,0.6169,Residential,Single Family,,,,POINT (-73.606771963 41.070424002),-73.606771963,41.070424002
220076,2022,06/01/2023,New Hartford,76 ARROWHEAD DRIVE,329560.00,361570.72,0.9114,Residential,Single Family,01 - Family,DIVORCE SALE?,,POINT (-73.019469023 41.878579991),-73.019469023,41.878579991
22000071,2022,11/22/2022,Cheshire,150 BRENTWOOD DR,201680.00,469900.00,0.4291,Residential,Single Family,,,,POINT (-72.909612028 41.474533994),-72.909612028,41.474533994
220149,2022,12/29/2022,Groton,202 DARTMOUTH DR,188440.00,330000.00,0.5710,Residential,Single Family,,,,POINT (-71.990981005 41.374589019),-71.990981005,41.374589019
220246,2022,03/10/2023,Litchfield,22 BIGOS RD,143840.00,250000.00,0.5753,Residential,Single Family,,,,POINT (-73.182637018 41.791247014),-73.182637018,41.791247014
2200136,2022,12/30/2022,New Milford,26 EAST VIEW DR,36900.00,34000.00,1.0853,Vacant Land,,,SALES RATIO,GOOD SALE PER MLS,POINT (-73.460962974 41.598713985),-73.460962974,41.598713985
220234,2022,08/09/2023,East Hampton,22 MOTT HILL,120360.00,387500.00,0.3106,Residential,Single Family,07 - Change in Property,,,POINT (-72.510577027 41.605404001),-72.510577027,41.605404001
220002,2022,10/03/2022,Meriden,397 COLONY ST,67270.00,150000.00,0.4484,Residential,Single Family,,,,POINT (-72.794244016 41.547017005),-72.794244016,41.547017005
22102,2022,03/21/2023,Monroe,1428 MONROE TPKE,711300.00,1450000.00,0.4906,Residential,Single Family,,,,POINT (-73.190474013 41.376543008),-73.190474013,41.376543008
2200371,2022,05/09/2023,East Hartford,115 SAWKA DR,157560.00,309000.00,0.5099,Residential,Single Family,,,,POINT (-72.596570995 41.767935013),-72.596570995,41.767935013
220052,2022,11/14/2022,Avon,21 FRANCIS STREET,163390.00,282000.00,0.5793,Residential,Single Family,,,,POINT (-72.849996999 41.813026006),-72.849996999,41.813026006
22000285,2022,06/22/2023,Cheshire,395 E MITCHELL AVE,40480.00,147000.00,0.2753,Residential,Condo,,,,POINT (-72.89732902 41.503846013),-72.89732902,41.503846013
220058,2022,08/28/2023,Kent,25 NORTH MAIN ST U4,87700.00,140000.00,0.6264,Commercial,,,,,POINT (-73.476386011 41.726545008),-73.476386011,41.726545008
220309,2022,09/13/2023,East Windsor,25 STEEPLE CHASE RD,164190.00,435000.00,0.3774,Residential,Condo,,,,POINT (-72.60208503 41.905500988),-72.60208503,41.905500988
220006,2022,10/04/2022,Branford,69 TODDS HILL RD,72400.00,579784.00,0.1248,Residential,Single Family,07 - Change in Property,NEW CONSTRUCTION,,POINT (-72.824046962 41.289648992),-72.824046962,41.289648992
220231,2022,02/02/2023,Enfield,108 MIDDLE RD,133000.00,270000.00,0.4925,Residential,Single Family,,,,POINT (-72.553574011 41.985810013),-72.553574011,41.985810013
220159,2022,04/12/2023,New Canaan,312 ELM ST - #23,769230.00,1225000.00,0.6279,Residential,Condo,,,,POINT (-73.501368022 41.144015017),-73.501368022,41.144015017
220092,2022,02/21/2023,East Windsor,124 SOUTH WATER ST,94540.00,153500.00,0.6158,Residential,Single Family,14 - Foreclosure,FROM BANK AFTER FORECLOSURE,,POINT (-72.621070041 41.925218996),-72.621070041,41.925218996
220274,2022,07/25/2023,New Canaan,4 RIVER ST,461790.00,1085000.00,0.4256,Residential,Two Family,,,,POINT (-73.489537972 41.151639992),-73.489537972,41.151639992
2200473,2022,07/03/2023,East Hartford,32 WOOD DR,143020.00,200000.00,0.7151,Residential,Single Family,,,,POINT (-72.616321022 41.793137007),-72.616321022,41.793137007
22132,2022,04/13/2023,Darien,57 NEARWATER LANE,1708630.00,2800000.00,0.6102,Residential,Single Family,,,,POINT (-73.489635034 41.056271997),-73.489635034,41.056271997
220446,2022,06/09/2023,Enfield,3 STONY BROOK RD,161400.00,295000.00,0.5471,Residential,Single Family,,,,POINT (-72.523855973 41.989924983),-72.523855973,41.989924983
220326,2022,03/03/2023,Greenwich,636 STEAMBOAT ROAD #1D SOUTH,40043710.00,1200000.00,33.3698,Residential,Condo,08 - Part Interest,CO OP,,POINT (-73.62238373 41.014268103),-73.62238373,41.014268103
2200291,2022,09/18/2023,Bloomfield,19 RUNDELANE,207130.00,500000.00,0.4142,Residential,Single Family,,,,POINT (-72.776232982 41.829078985),-72.776232982,41.829078985
22002,2022,10/03/2022,Monroe,12 LIMA DR,240000.00,465000.00,0.5161,Residential,Single Family,,,,POINT (-73.244778017 41.334027984),-73.244778017,41.334027984
220005,2022,10/03/2022,Greenwich,48 CROWN LANE,1515360.00,3400000.00,0.4457,Residential,Single Family,,,,POINT (-73.614795959 41.113188011),-73.614795959,41.113188011
220234,2022,06/28/2023,New Canaan,238 JONATHAN RD,695590.00,1200000.00,0.5796,Residential,Single Family,,,,POINT (-73.527067021 41.18983402),-73.527067021,41.18983402
220331,2022,02/06/2023,Hamden,565 WEST TODD ST,36680.00,45000.00,0.8151,Vacant Land,,,,,POINT (-72.935667771 41.433726139),-72.935667771,41.433726139
22027,2022,11/03/2022,Derby,6 HATHORNE PL,77980.00,202000.00,0.3860,Residential,Condo,,,,POINT (-73.092534049 41.323845534),-73.092534049,41.323845534
220358,2022,04/26/2023,Enfield,113 SOUTH RD,127100.00,239000.00,0.5317,Residential,Single Family,,,,POINT (-72.563573035 41.978852992),-72.563573035,41.978852992
220345,2022,12/09/2022,Branford,13B STONEGATE,117400.00,281500.00,0.4170,Residential,Condo,,,,POINT (-72.833412985 41.269111988),-72.833412985,41.269111988
220313,2022,02/06/2023,New Haven,760 QUINNIPIAC AV #15,132580.00,250000.00,0.5303,Residential,Condo,,,,POINT (-72.884494985 41.310104984),-72.884494985,41.310104984
22073,2022,04/05/2023,Haddam,1006 SAYBROOK RD,121320.00,175000.00,0.6933,Vacant Land,,,was sold with map 31 lot 073 2,,POINT (-72.507457715 41.475484855),-72.507457715,41.475484855
22101,2022,05/05/2023,Middlebury,BURR HALL RD,116600.00,350000.00,0.3331,Vacant Land,,,,,POINT (-73.138890132 41.552988603),-73.138890132,41.552988603
22015,2022,04/13/2023,Colebrook,PHELPS ROAD,34800.00,40000.00,0.8700,Vacant Land,,25 - Other,MULTIPLE PARCEL SALE,,POINT (-73.093874611 41.992247902),-73.093874611,41.992247902
220218,2022,01/04/2023,Greenwich,51 PARK AVENUE,990990.00,687500.00,1.4414,Residential,Single Family,08 - Part Interest,ONE TITLE HOLDER BUYING OUT THE INTEREST OF THE OTHER TITLE HOLDER,,POINT (-73.61996129 41.038549204),-73.61996129,41.038549204
220157,2022,12/02/2022,Meriden,70 RANDOLPH AVE,88130.00,75000.00,1.1750,Residential,Single Family,25 - Other,22 SHORT SALE,,POINT (-72.80860297 41.536558988),-72.80860297,41.536558988
220338,2022,12/06/2022,Branford,25 BAYPATH WAY,101900.00,150000.00,0.6793,Residential,Condo,01 - Family,,,POINT (-72.819432976 41.298101009),-72.819432976,41.298101009
220442,2022,03/24/2023,Hamden,11 QUARRY LA,314300.00,525000.00,0.5986,Residential,Single Family,,,,POINT (-72.938544011 41.41710002),-72.938544011,41.41710002
22000398,2022,09/15/2023,Cheshire,80 DEANAROSE PL,207380.00,420000.00,0.4937,Residential,Condo,,,,POINT (-72.90508404 41.473491998),-72.90508404,41.473491998
220009,2022,11/17/2022,Kent,10 COBBLE RD,375000.00,850000.00,0.4411,Residential,Single Family,,,,POINT (-73.456643025 41.739632008),-73.456643025,41.739632008
220114,2022,04/10/2023,Clinton,17 ALDEN DR,144000.00,214000.00,0.6728,Residential,Single Family,14 - Foreclosure,,,POINT (-72.516165996 41.29890299),-72.516165996,41.29890299
22019,2022,10/13/2022,Montville,3 HIGH RIDGE CIR,54110.00,122000.00,0.4435,Residential,Single Family,,,,POINT (-72.13967418 41.436230232),-72.13967418,41.436230232
220701,2022,06/07/2023,Hartford,46 ANNAWAN ST,103011.00,325000.00,0.3169,Residential,Three Family,,,,POINT (-72.676227993 41.750360006),-72.676227993,41.750360006
22082,2022,02/15/2023,Derby,110 SUNSET DR,118090.00,190000.00,0.6215,Residential,Single Family,,,,POINT (-73.063006975 41.324162987),-73.063006975,41.324162987
2222119,2022,03/23/2023,Ansonia,115 DIVISION ST,92540.00,120000.00,0.7711,Residential,Single Family,26 - Rehabilitation Deferred,"HOUSE GUTTED, IN POOR CONDITION. NEEDS TOTAL REMODEL",,POINT (-73.087109976 41.334772004),-73.087109976,41.334772004
222011,2022,08/17/2023,Manchester,6 DONAHUE LANE,148400.00,275000.00,0.5396,Residential,Condo,,,,POINT (-72.52674597 41.808101009),-72.52674597,41.808101009
2200043,2022,11/09/2022,East Haven,8 PINE PL,68460.00,103600.00,0.6608,Residential,Single Family,17 - Two Towns,,,POINT (-72.823553017 41.319542002),-72.823553017,41.319542002
220128,2022,02/23/2023,Madison,103 EAST WHARF RD,548800.00,1265000.00,0.4338,Residential,Single Family,,,,POINT (-72.590641972 41.271893983),-72.590641972,41.271893983
220267,2022,08/02/2023,Ledyard,7 WHALEHEAD RD,169820.00,177900.00,0.9545,Residential,Single Family,25 - Other,AS IS - NO INSPECTION,,POINT (-72.039074138 41.443728051),-72.039074138,41.443728051
2200327,2022,06/30/2023,East Haven,69 MCLAY AVE,150290.00,367500.00,0.4089,Residential,Single Family,,,,POINT (-72.86681797 41.30190698),-72.86681797,41.30190698
220148,2022,03/31/2023,Harwinton,127 MOUNTAIN VIEW DR,258790.00,502000.00,0.5155,Residential,Single Family,,,,POINT (-73.096689988 41.793786982),-73.096689988,41.793786982
22054,2022,11/15/2022,Montville,31 HOLMES RD,164150.00,315000.00,0.5211,Residential,Single Family,,,,POINT (-72.238098035 41.440564991),-72.238098035,41.440564991
220321,2022,01/31/2023,Hamden,91 SECOND ST,117320.00,325000.00,0.3610,Residential,Single Family,07 - Change in Property,,TOTAL RENOVATION PER MLS,POINT (-72.938160036 41.34341999),-72.938160036,41.34341999
220469,2022,03/21/2023,Branford,30 RIVERSIDE DR,224400.00,635000.00,0.3534,Residential,Single Family,07 - Change in Property,OUTSTANDING PERMITS/NOT COMPLETE,,POINT (-72.801457985 41.283448982),-72.801457985,41.283448982
220137,2022,12/01/2022,Greenwich,1465 EAST PUTNAM AVENUE #101,282520.00,420000.00,0.6726,Residential,Condo,,,,POINT (-73.57007398 41.047452013),-73.57007398,41.047452013
220143,2022,12/23/2022,Groton,301 BUDDINGTON RD LOT 34,0.00,98000.00,0.0000,Residential,Single Family,07 - Change in Property,NEW MOBILE HOME ON VACANT LOT,,POINT (-72.046591999 41.355399993),-72.046591999,41.355399993
220716,2022,07/11/2023,Meriden,49 ROCKLEDGE DR,140350.00,260000.00,0.5398,Residential,Single Family,,,,POINT (-72.78017298 41.500588009),-72.78017298,41.500588009
22183,2022,04/17/2023,North Haven,9 BISHOP ST,144690.00,392200.00,0.3689,Residential,Single Family,,,,POINT (-72.87394703 41.392019983),-72.87394703,41.392019983
220770,2022,03/08/2023,Bridgeport,87 COLONY ST #89,143860.00,360000.00,0.3996,Residential,Two Family,,,,POINT (-73.175666962 41.197311013),-73.175666962,41.197311013
220141,2022,11/29/2022,Meriden,215 ELM ST,155610.00,270000.00,0.5763,Residential,Two Family,,,,POINT (-72.799507013 41.529621999),-72.799507013,41.529621999
220273,2022,07/31/2023,Killingly,11 LAFANTASIE RD,190400.00,486000.00,0.3917,Residential,Single Family,,,,POINT (-71.855530037 41.811552007),-71.855530037,41.811552007
221176,2022,06/28/2023,Fairfield,75 RIDGEVIEW AVENUE,437570.00,970000.00,0.4511,Residential,Single Family,,,,POINT (-73.24003101 41.196469009),-73.24003101,41.196469009
22041,2022,03/07/2023,Lebanon,876 TRUMBULL HWY,193300.00,459000.00,0.4211,Residential,Single Family,,,,POINT (-72.212101981 41.636270989),-72.212101981,41.636270989
22006,2022,10/04/2022,East Hartford,30 HILLSIDE ST #B-4,39050.00,52500.00,0.7438,Residential,Condo,,,,POINT (-72.618829977 41.776198019),-72.618829977,41.776198019
220796,2022,06/27/2023,Milford,903 NAUGATUCK AVE,334420.00,400000.00,0.8360,Residential,Single Family,25 - Other,NOT ON OPEN MARKET,,POINT (-73.10423697 41.213003989),-73.10423697,41.213003989
220212,2022,03/06/2023,Newington,536 CYPRESS RD,98480.00,216000.00,0.4559,Residential,Condo,,,,POINT (-72.70636697 41.678157999),-72.70636697,41.678157999
220110,2022,05/04/2023,Griswold,1-3 LINCOLN SQUARE,116270.00,250000.00,0.4650,Residential,Single Family,,DUPLEX,,POINT (-71.982557655 41.603157505),-71.982557655,41.603157505
220556,2022,05/05/2023,Meriden,396 CROWN ST,140980.00,259500.00,0.5432,Residential,Two Family,08 - Part Interest,,,POINT (-72.805392031 41.52715202),-72.805392031,41.52715202
220474,2022,03/23/2023,Branford,E55 RIVERVIEW CROSSING,74900.00,177000.00,0.4231,Residential,Condo,,,,POINT (-72.853327945 41.254910635),-72.853327945,41.254910635
220571,2022,05/11/2023,Meriden,23 VALE AVE,101640.00,127181.00,0.7991,Residential,Single Family,14 - Foreclosure,BANK SALE FROM FORCLOSURE;,,POINT (-72.822488012 41.541505988),-72.822488012,41.541505988
2200240,2022,02/23/2023,Naugatuck,58 COEN ST,178500.00,340000.00,0.5250,Residential,Three Family,,,,POINT (-73.048757991 41.493499014),-73.048757991,41.493499014
222126,2022,09/26/2023,Manchester,31 BROOKVIEW CIRCLE,281000.00,510000.00,0.5509,Residential,Single Family,,,,POINT (-72.475667993 41.765856008),-72.475667993,41.765856008
22000311,2022,07/12/2023,Cheshire,60 RIVER VIEW CT,285580.00,667212.00,0.4280,Residential,Single Family,,,,POINT (-72.871083018 41.538025989),-72.871083018,41.538025989
22021,2022,04/27/2023,Norfolk,WINCHESTER RD,120550.00,851000.00,0.1416,Vacant Land,,28 - Use Assessment,200 acres,,POINT (-73.174296621 41.941780529),-73.174296621,41.941780529
220170,2022,04/10/2023,East Lyme,28 SMITH AVE,258790.00,535000.00,0.4837,Residential,Single Family,,,,POINT (-72.188608009 41.326632002),-72.188608009,41.326632002
2200119,2022,06/05/2023,New Fairfield,16 BARNUM RD,233900.00,350000.00,0.6682,Residential,Single Family,,,,POINT (-73.491997977 41.459021019),-73.491997977,41.459021019
220059,2022,10/26/2022,Hartford,246 FREEMAN ST,75007.00,220000.00,0.3409,Residential,Single Family,,,,POINT (-72.698787969 41.731561996),-72.698787969,41.731561996
220369,2022,02/24/2023,Hamden,263 CENTERBROOK RD,2053610.00,117500.00,17.4775,Apartments,,08 - Part Interest,PARTIAL INTEREST; CO-OP,,POINT (-72.908881515 41.376597979),-72.908881515,41.376597979
2200104,2022,01/27/2023,Bloomfield,55 WEST EGGLESTON ST,112420.00,205000.00,0.5484,Residential,Single Family,,,,POINT (-72.704458997 41.82107498),-72.704458997,41.82107498
222474,2022,09/25/2023,Bridgeport,1231 NORMAN ST #1235,201260.00,400000.00,0.5031,Residential,Three Family,,,,POINT (-73.210796021 41.183841001),-73.210796021,41.183841001
220585,2022,05/18/2023,Meriden,101 WOODLAND HGTS,75320.00,185000.00,0.4071,Residential,Condo,,,,POINT (-72.796851039 41.552749011),-72.796851039,41.552749011
220127,2022,03/01/2023,Ledyard,56 HIGHLAND DR,144200.00,264900.00,0.5443,Residential,Single Family,,,,POINT (-71.973265015 41.433725986),-71.973265015,41.433725986
220577,2022,08/10/2023,Enfield,62 SIMON RD,156200.00,160000.00,0.9763,Residential,Single Family,25 - Other,SOLD AS IS,,POINT (-72.560563009 41.945982018),-72.560563009,41.945982018
220015,2022,10/06/2022,Meriden,132 WEST MAIN ST,340480.00,400000.00,0.8512,Commercial,,,,,POINT (-72.807228003 41.537785009),-72.807228003,41.537785009
220050,2022,12/19/2022,Ellington,30 ELIZABETH ST,127560.00,205000.00,0.6222,Residential,Single Family,,,,POINT (-72.455747981 41.872791993),-72.455747981,41.872791993
220284,2022,08/02/2023,Madison,24 WEST SUSSEX PL,194700.00,456000.00,0.4269,Residential,Condo,,,,POINT (-72.57840498 41.289750999),-72.57840498,41.289750999
220425,2022,03/06/2023,Milford,171 CLARK ST #D,112680.00,205000.00,0.5497,Residential,Condo,,,,POINT (-73.072065462 41.222022658),-73.072065462,41.222022658
220173,2022,12/08/2022,Meriden,366 COOK AVE,86940.00,171250.00,0.5076,Residential,Single Family,,,,POINT (-72.808644964 41.52812298),-72.808644964,41.52812298
220357,2022,02/02/2023,Hartford,1 IMLAY ST,106135.00,335000.00,0.3168,Residential,Single Family,,,,POINT (-72.695694963 41.764699012),-72.695694963,41.764699012
22129,2022,08/28/2023,Haddam,523 CHAMBERLAIN HILL RD,151700.00,300000.00,0.5056,Residential,Single Family,,,,POINT (-72.625039039 41.501027011),-72.625039039,41.501027011
220606,2022,07/12/2023,Branford,33 FENWAY RD,325300.00,875000.00,0.3717,Residential,Single Family,25 - Other,ALSO SOLD W/ 29 FENWAY RD/ASSMT=$14500/VACANT LAND,,POINT (-72.814955028 41.254792009),-72.814955028,41.254792009
220233,2022,06/29/2023,Avon,25 VERMILLION DRIVE,390270.00,775000.00,0.5035,Residential,Single Family,,,,POINT (-72.810752007 41.78681701),-72.810752007,41.78681701
220139,2022,12/20/2022,Newington,25 PEPPER BUSH LN,210800.00,380000.00,0.5547,Residential,Condo,,,,POINT (-72.705399027 41.676134985),-72.705399027,41.676134985
22078,2022,04/27/2023,Burlington,73 SAW MILL RD,260.00,125000.00,0.0020,Vacant Land,,28 - Use Assessment,PA490 DECLASSIFIED,,POINT (-72.989080716 41.759326985),-72.989080716,41.759326985
220104,2022,01/17/2023,Avon,40 PINE HILL ROAD,101260.00,265000.00,0.3821,Vacant Land,,,,,POINT (-72.821601452 41.785675591),-72.821601452,41.785675591
22166,2022,03/17/2023,Montville,220 SIMPSON LN,40320.00,62500.00,0.6451,Vacant Land,,,,,POINT (-72.146855217 41.472598948),-72.146855217,41.472598948
220089,2022,01/12/2023,East Hampton,15 STARVIEW WAY,21150.00,125000.00,0.1692,Vacant Land,,03 - Inter Corporation,,,POINT (-72.524198961 41.601411994),-72.524198961,41.601411994
221421,2022,09/18/2023,Fairfield,487 WESTWAY ROAD,672980.00,1700000.00,0.3958,Residential,Condo,,,,POINT (-73.294832983 41.131796004),-73.294832983,41.131796004
220731,2022,03/02/2023,Bridgeport,235 REMINGTON ST,76160.00,204000.00,0.3733,Residential,Condo,,,,POINT (-73.166908041 41.196665983),-73.166908041,41.196665983
223440,2022,07/31/2023,Newington,50 ADAM DR,165420.00,340000.00,0.4865,Residential,Condo,07 - Change in Property,SIGNIFICANT IMPROVEMENT SUBSEQUENT TO ASSESSMENT,,POINT (-72.718101969 41.655597017),-72.718101969,41.655597017
2200373,2022,07/05/2023,New Milford,3 BURNETT RD,210160.00,515000.00,0.4080,Residential,Single Family,07 - Change in Property,CHANGE IN PROPERTY AFTER ASSESSMENT DATE,,POINT (-73.417921985 41.666648011),-73.417921985,41.666648011
220853,2022,03/24/2023,Bridgeport,53 GRIFFIN AVE,184490.00,399000.00,0.4623,Residential,Single Family,,,,POINT (-73.207552979 41.217381983),-73.207552979,41.217381983
22249,2022,06/23/2023,North Haven,405 WASHINGTON AVE,352350.00,1750000.00,0.2013,Industrial,,25 - Other,,BULK SALE WITH 413/417/419/425 WASHINGTON AVE,POINT (-72.843116287 41.410135371),-72.843116287,41.410135371
220438,2022,04/14/2023,Greenwich,28 DAIRY ROAD,3030790.00,4900000.00,0.6185,Residential,Single Family,,,,POINT (-73.636975984 41.081481996),-73.636975984,41.081481996
220043,2022,10/20/2022,Branford,525 EAST MAIN ST LOT 11,0.00,68000.00,0.0000,Residential,Single Family,07 - Change in Property,NEW MOBILE HOME ONLY,,POINT (-72.769562999 41.29732099),-72.769562999,41.29732099
220133,2022,03/16/2023,Ledyard,27 SABLE DR,288050.00,560000.00,0.5143,Residential,Single Family,,,,POINT (-72.012913009 41.422096012),-72.012913009,41.422096012
220672,2022,06/23/2023,New Haven,611 WHITNEY AV #A3,170940.00,325000.00,0.5259,Residential,Condo,,,,POINT (-72.914888017 41.327246982),-72.914888017,41.327246982
220757,2022,07/17/2023,New Haven,262 LLOYD ST,232750.00,361000.00,0.6447,Residential,Three Family,,,,POINT (-72.901360967 41.30946402),-72.901360967,41.30946402
220101,2022,01/25/2023,Brookfield,37 OLD ROUTE 7 #06,182350.00,549900.00,0.3316,Residential,Single Family,07 - Change in Property,NEW CONSTRUCTION,,POINT (-73.408544983 41.475329982),-73.408544983,41.475329982
220008,2022,10/04/2022,Milford,61 MILFORD POINT RD,481370.00,995000.00,0.4837,Residential,Single Family,,,,POINT (-73.098134023 41.177838008),-73.098134023,41.177838008
22066,2022,03/17/2023,Haddam,56 MAPLE AVE WEST,202330.00,395000.00,0.5122,Residential,Single Family,,,,POINT (-72.573736009 41.489876984),-72.573736009,41.489876984
2200194,2022,05/26/2023,Bloomfield,28 EAST WINTONBURY AVE,163030.00,320000.00,0.5094,Residential,Single Family,,,,POINT (-72.69378699 41.835440012),-72.69378699,41.835440012
220611,2022,06/09/2023,Greenwich,13 PROSPECT STREET,367500.00,900000.00,0.4083,Residential,Two Family,,,,POINT (-73.633895744 41.024931015),-73.633895744,41.024931015
220271,2022,02/01/2023,Greenwich,20 PARTRIDGE HOLLOW ROAD,2733430.00,5250000.00,0.5206,Residential,Single Family,,,,POINT (-73.682980982 41.107700002),-73.682980982,41.107700002
22114,2022,01/17/2023,Montville,24 KIM AVE,127330.00,235000.00,0.5418,Residential,Single Family,,,,POINT (-72.089322019 41.479011984),-72.089322019,41.479011984
222074,2022,09/11/2023,Manchester,110 HAMLIN STREET,135000.00,265000.00,0.5094,Residential,Single Family,,,,POINT (-72.515369967 41.773017003),-72.515369967,41.773017003
220206,2022,07/26/2023,Colchester,152 STANAVAGE RD,46500.00,57500.00,0.8086,Vacant Land,,,,,POINT (-72.258581801 41.552410465),-72.258581801,41.552410465
220558,2022,01/19/2023,Bridgeport,1287 HOWARD AVE,189660.00,375000.00,0.5057,Residential,Two Family,,,,POINT (-73.217444966 41.176651004),-73.217444966,41.176651004
220382,2022,05/02/2023,Enfield,95 LAURELS B2OUD,141000.00,268000.00,0.5261,Residential,Condo,,,,POINT (-72.545667551 42.014461396),-72.545667551,42.014461396
220126,2022,11/28/2022,Fairfield,475 FENCEROW DRIVE,1081080.00,1537219.00,0.7032,Residential,Single Family,25 - Other,ESTATE SALE,,POINT (-73.326752024 41.18843399),-73.326752024,41.18843399
220128,2022,07/18/2023,Brooklyn,PARADISE DR,1800.00,30000.00,0.0600,Vacant Land,,08 - Part Interest,"SOLD W/MAP 49 LOTS 35,36",,POINT (-71.976556801 41.75332667),-71.976556801,41.75332667
220801,2022,07/17/2023,Hartford,31 WOODLAND ST UNIT 9I,27452.00,95000.00,0.2890,Residential,Condo,14 - Foreclosure,Sale of a previous foreclosure,,POINT (-72.702570973 41.76970699),-72.702570973,41.76970699
220340,2022,12/02/2022,Bridgeport,2370 NORTH AVE UNIT #9A,48690.00,139999.00,0.3477,Residential,Condo,,,,POINT (-73.216331011 41.178789982),-73.216331011,41.178789982
220154,2022,08/21/2023,Mansfield,5 PATRIOTS SQ #B6,97800.00,225500.00,0.4337,Residential,Condo,,,,POINT (-72.214781939 41.73632898),-72.214781939,41.73632898
22316,2022,08/01/2023,Darien,259 OLD KINGS HIGHWAY SOUTH,569170.00,1335000.00,0.4263,Residential,Single Family,,,,POINT (-73.481439042 41.061860002),-73.481439042,41.061860002
22000302,2022,07/06/2023,Cheshire,15 MOUNTAIN EDGE CT,190350.00,526000.00,0.3618,Residential,Single Family,,,,POINT (-72.931616033 41.503127013),-72.931616033,41.503127013
22073,2022,12/30/2022,Monroe,388 MAIN STREET,461700.00,575000.00,0.8029,Commercial,,,,,POINT (-73.262081031 41.319631981),-73.262081031,41.319631981
220058,2022,11/04/2022,East Hartford,170 CRESCENT DR,101810.00,65000.00,1.5663,Residential,Single Family,25 - Other,ESTATE,,POINT (-72.616728969 41.740635993),-72.616728969,41.740635993
220482,2022,06/26/2023,Enfield,8 GAMMELLO AVE,119500.00,240000.00,0.4979,Residential,Single Family,,,,POINT (-72.594912971 42.020534981),-72.594912971,42.020534981
220191,2022,12/08/2022,Hartford,715 WETHERSFIELD AVE,381360.00,670000.00,0.5691,Apartments,,,,,POINT (-72.671251992 41.736346009),-72.671251992,41.736346009
220138,2022,12/21/2022,Groton,0 NOANK LEDYARD RD,699930.00,800000.00,0.8749,Vacant Land,,15 - Government Agency,,,POINT (-71.995504624 41.365751749),-71.995504624,41.365751749
2200010,2022,11/07/2022,Killingworth,27 BOULDER TRAIL,42770.00,125500.00,0.3407,Residential,Single Family,,,,POINT (-72.565691344 41.378867346),-72.565691344,41.378867346
2200197,2022,02/23/2023,New Milford,90 ELM ST ECT,146710.00,180000.00,0.8150,Residential,Single Family,14 - Foreclosure,FORECLOSURE SALE,,POINT (-73.404002997 41.581426981),-73.404002997,41.581426981
223498,2022,09/01/2023,Newington,683 CHURCHILL DR,104020.00,254000.00,0.4095,Residential,Condo,07 - Change in Property,SIGNIFICANT IMPROVEMENT SUBSEQUENT TO ASSESSMENT,,POINT (-72.715545992 41.677713004),-72.715545992,41.677713004
221301,2022,08/03/2023,Fairfield,198 JAMES STREET,703220.00,1890900.00,0.3718,Residential,Single Family,,,,POINT (-73.257321032 41.133028018),-73.257321032,41.133028018
220197,2022,12/12/2022,Hartford,238 COLEBROOK ST,65158.00,190000.00,0.3429,Residential,Single Family,10 - A Will,,,POINT (-72.704811959 41.794569014),-72.704811959,41.794569014
220017,2022,10/13/2022,New London,19 HAWTHORNE DR #156,92330.00,219900.00,0.4198,Residential,Condo,,,,POINT (-72.108206398 41.368938986),-72.108206398,41.368938986
220216,2022,08/03/2023,Colchester,52 FERNWOOD DR,211300.00,339000.00,0.6233,Residential,Single Family,,,,POINT (-72.332567029 41.577973008),-72.332567029,41.577973008
22174,2022,06/01/2023,Darien,131 HOLMES AVE,696220.00,1580000.00,0.4406,Residential,Single Family,,,,POINT (-73.510265999 41.073629996),-73.510265999,41.073629996
223379,2022,07/03/2023,Newington,69 CULVER ST,132200.00,1533333.00,0.0862,Vacant Land,,25 - Other,SALE OF PORTION OF MULTIPLE PARCELS,,POINT (-72.716736738 41.660335122),-72.716736738,41.660335122
220669,2022,08/18/2023,Branford,105 FLORENCE RD UNIT 1-A,56000.00,200000.00,0.2800,Residential,Condo,07 - Change in Property,RENOS PRIOR TO SALE,,POINT (-72.838946969 41.275555995),-72.838946969,41.275555995
222487,2022,09/27/2023,Bridgeport,746 MAPLE AVE,307180.00,660000.00,0.4654,Apartments,,,,,POINT (-73.175397987 41.187822992),-73.175397987,41.187822992
220270,2022,12/21/2022,Milford,169 CLARK ST,114000.00,227500.00,0.5010,Residential,Condo,,,,POINT (-73.072033654 41.221916591),-73.072033654,41.221916591
220157,2022,04/03/2023,Killingly,2 R & R PARK,30590.00,35000.00,0.8740,Residential,Single Family,,,,POINT (-71.881511935 41.871419775),-71.881511935,41.871419775
22031,2022,12/20/2022,Lebanon,COVE RD (105-115),33190.00,35000.00,0.9482,Vacant Land,,12 - Non Buildable Lot,,,POINT (-72.31974771 41.617892907),-72.31974771,41.617892907
220661,2022,06/27/2023,Greenwich,19 MEADOW ROAD,1440320.00,3200000.00,0.4501,Residential,Single Family,,,,POINT (-73.57757704 41.027950007),-73.57757704,41.027950007
220620,2022,05/08/2023,Milford,18 QUARRY RD,433090.00,800000.00,0.5413,Residential,Single Family,,,,POINT (-73.016565029 41.247015992),-73.016565029,41.247015992
220166,2022,12/07/2022,Greenwich,15 HORSESHOE ROAD,991200.00,1775000.00,0.5584,Residential,Single Family,,,,POINT (-73.595323038 41.076481017),-73.595323038,41.076481017
220129,2022,12/19/2022,Newington,191 TREMONT ST,167720.00,320000.00,0.5241,Residential,Single Family,,,,POINT (-72.751632013 41.66160198),-72.751632013,41.66160198
220290,2022,06/20/2023,New London,119 ASHCRAFT RD,147910.00,360500.00,0.4102,Residential,Single Family,,,,POINT (-72.114115018 41.356917998),-72.114115018,41.356917998
220083,2022,03/07/2023,Ellington,SOMERS RD,7360.00,133333.00,0.0552,Vacant Land,,28 - Use Assessment,PA-490,,POINT (-72.455278179 41.927496065),-72.455278179,41.927496065
220160,2022,03/28/2023,Avon,481 WATERVILLE ROAD,288720.00,555000.00,0.5202,Residential,Single Family,,,,POINT (-72.819887024 41.773657003),-72.819887024,41.773657003
22078,2022,09/05/2023,Bethany,15 SCHAFFER RD,460960.00,915000.00,0.5037,Residential,Single Family,,,,POINT (-73.025619999 41.409212985),-73.025619999,41.409212985
2200430,2022,09/07/2023,East Haven,55 THOMPSON ST #8E,96950.00,150000.00,0.6463,Residential,Condo,,,,POINT (-72.848401001 41.323528016),-72.848401001,41.323528016
220366,2022,03/07/2023,New Haven,290 LENOX ST,171220.00,340000.00,0.5035,Residential,Two Family,,,,POINT (-72.886251999 41.306664004),-72.886251999,41.306664004
2222201,2022,08/18/2023,Ansonia,5 HICKORY LA,173530.00,410000.00,0.4232,Residential,Single Family,,,,POINT (-73.041648964 41.33122298),-73.041648964,41.33122298
220001,2022,10/03/2022,Coventry,986 MERROW RD,134700.00,309000.00,0.4359,Residential,Single Family,,,,POINT (-72.341735993 41.819171995),-72.341735993,41.819171995
220807,2022,08/02/2023,New Haven,324 ALDEN AV,202790.00,360000.00,0.5633,Residential,Single Family,,,,POINT (-72.963466008 41.32485902),-72.963466008,41.32485902
22140,2022,04/19/2023,Darien,543 MIDDLESEX RD,1178380.00,1575000.00,0.7481,Residential,Single Family,,,,POINT (-73.487462026 41.097932989),-73.487462026,41.097932989
220102,2022,01/26/2023,Brookfield,7 BROOKFIELD MEADOWS,256360.00,415000.00,0.6177,Residential,Single Family,,,,POINT (-73.39902599 41.474674014),-73.39902599,41.474674014
220578,2022,05/31/2023,New Haven,161 GLEN HAVEN RD,168070.00,315000.00,0.5335,Residential,Single Family,,,,POINT (-72.863646007 41.335107992),-72.863646007,41.335107992
220275,2022,06/07/2023,New London,353 BROAD ST,125930.00,295000.00,0.4268,Residential,Three Family,,,,POINT (-72.112497982 41.362575992),-72.112497982,41.362575992
220048,2022,05/16/2023,Durham,127R DUNN HILL RD,182490.00,365000.00,0.4999,Residential,Single Family,,,,POINT (-72.708396983 41.481391984),-72.708396983,41.481391984
22112,2022,09/07/2023,Lebanon,26 FIRST ST,105950.00,250000.00,0.4238,Residential,Single Family,,,,POINT (-72.277810989 41.625902993),-72.277810989,41.625902993
220759,2022,07/18/2023,Greenwich,RIVER ROAD 0000,5562900.00,64000.00,86.9203,Commercial,,08 - Part Interest,CO-OP,,POINT (-73.597021557 41.034371312),-73.597021557,41.034371312
220052,2022,12/08/2022,East Hampton,32 QUIET WOODS RD,221200.00,390000.00,0.5671,Residential,Single Family,,,,POINT (-72.508007974 41.541732006),-72.508007974,41.541732006
220019,2022,11/28/2022,East Granby,8 TUNBRIDGE ROAD,133400.00,240000.00,0.5558,Residential,Single Family,,,,POINT (-72.744451991 41.908423003),-72.744451991,41.908423003
22009,2022,10/27/2022,Haddam,578 LITTLE CITY RD,127600.00,270000.00,0.4725,Residential,Single Family,,,,POINT (-72.597036023 41.447257018),-72.597036023,41.447257018
220036,2022,10/21/2022,East Lyme,ROUTE I-95,27790.00,34000.00,0.8173,Vacant Land,,09 - Tax,,,POINT (-72.224300618 41.348496211),-72.224300618,41.348496211
220804,2022,08/01/2023,Greenwich,NORTHFIELD STREET 0078 UN1,355110.00,900000.00,0.3945,Residential,Condo,,,,POINT (-73.628758031 41.037341008),-73.628758031,41.037341008
2200205,2022,06/16/2023,Bloomfield,134 WADHAMS RD,155610.00,400000.00,0.3890,Residential,Single Family,,,,POINT (-72.76447904 41.853406998),-72.76447904,41.853406998
220266,2022,01/06/2023,Hamden,29 GREENES RIDGE RD,153510.00,379900.00,0.4040,Residential,Single Family,,,,POINT (-72.914678973 41.408455009),-72.914678973,41.408455009
220171,2022,04/24/2023,Madison,4 TOFFEE LN,462200.00,1406000.00,0.3287,Residential,Single Family,,,,POINT (-72.626745008 41.272106004),-72.626745008,41.272106004
220075,2022,03/21/2023,Brooklyn,6 COMMON WAY DR,187200.00,335000.00,0.5588,Residential,Condo,,,,POINT (-71.94653303 41.789989016),-71.94653303,41.789989016
220038,2022,11/15/2022,Ellington,3 DAVID DR,171060.00,362000.00,0.4725,Residential,Single Family,,,,POINT (-72.464046987 41.942108992),-72.464046987,41.942108992
2200312,2022,06/20/2023,East Haven,28 ROBBY LN,311290.00,475000.00,0.6553,Residential,Single Family,,,,POINT (-72.860892971 41.305018007),-72.860892971,41.305018007
220027,2022,10/17/2022,Newington,53 STERLING DR,189040.00,345000.00,0.5479,Residential,Condo,,,,POINT (-72.748918958 41.709052018),-72.748918958,41.709052018
220307,2022,01/27/2023,Hamden,35 CHATTERTON WOODS,310100.00,562000.00,0.5517,Residential,Single Family,,,,POINT (-72.921186012 41.434261003),-72.921186012,41.434261003
220197,2022,02/17/2023,Newington,765 WILLARD AVE,260730.00,300000.00,0.8691,Residential,Single Family,01 - Family,,,POINT (-72.733775039 41.695088982),-72.733775039,41.695088982
22181,2022,06/05/2023,Darien,395 WEST AVE,609910.00,950000.00,0.6420,Residential,Single Family,,,,POINT (-73.508646029 41.072267015),-73.508646029,41.072267015
220340,2022,09/18/2023,Litchfield,42 TANNERY BROOK RD,78060.00,195000.00,0.4003,Residential,Single Family,25 - Other,LITCHFIELD HOUSING TRUST,,POINT (-73.194519036 41.742625018),-73.194519036,41.742625018
220203,2022,05/26/2023,Killingly,427 BAILEY HILL RD,114520.00,230000.00,0.4979,Residential,Single Family,,,,POINT (-71.817386007 41.813552013),-71.817386007,41.813552013
22000059,2022,11/10/2022,Cheshire,ANDREA CT,760.00,1500000.00,0.0005,Vacant Land,,07 - Change in Property,SOLD WITH 696 ANDREA CT,,POINT (-72.872985132 41.498124256),-72.872985132,41.498124256
220274,2022,07/24/2023,Avon,11 HAMMERSMITH,277910.00,500000.00,0.5558,Residential,Single Family,,,,POINT (-72.871658016 41.776006996),-72.871658016,41.776006996
220803,2022,08/01/2023,Greenwich,2 PUTNAM HILL 1H,68646970.00,995000.00,68.9919,Residential,Condo,08 - Part Interest,CO-OP,,POINT (-73.617848541 41.034296643),-73.617848541,41.034296643
220076,2022,11/08/2022,Enfield,9 STARR LA,131400.00,262000.00,0.5015,Residential,Single Family,,,,POINT (-72.52294704 41.989097983),-72.52294704,41.989097983
220122,2022,06/29/2023,Brooklyn,273 WOODWARD RD,54800.00,85000.00,0.6447,Residential,Single Family,,,,POINT (-71.998368982 41.795988992),-71.998368982,41.795988992
210272,2021,06/09/2022,Tolland,61 BROOKMOOR RD,187200.00,627500.00,0.2983,Residential,Single Family,,,,POINT (-72.379570982 41.895115013),-72.379570982,41.895115013
222057,2022,09/05/2023,Manchester,20 THOMPSON ROAD UNIT 8A,46100.00,139000.00,0.3316,Residential,Condo,,,,POINT (-72.544929 41.773048016),-72.544929,41.773048016
220580,2022,05/15/2023,Hamden,168 MORSE ST,93100.00,230000.00,0.4047,Residential,Single Family,14 - Foreclosure,FORECLOSURE BY SALE; COMMITTEE DEED,,POINT (-72.925569999 41.336759981),-72.925569999,41.336759981
2200310,2022,06/20/2023,East Haven,173 RUSSO AVE #704,91490.00,177000.00,0.5168,Residential,Condo,,,,POINT (-72.862415962 41.318531982),-72.862415962,41.318531982
2200153,2022,04/05/2023,Bloomfield,25 ELIZABETH AVE,129150.00,90000.00,1.4350,Residential,Single Family,10 - A Will,NOT ARMS LENGTH SALE,,POINT (-72.693732005 41.809921014),-72.693732005,41.809921014
220799,2022,03/14/2023,Bridgeport,356 BEECHMONT AVE,124645.00,162000.00,0.7694,Residential,Single Family,,,,POINT (-73.206903969 41.210288001),-73.206903969,41.210288001
221004,2022,04/27/2023,Bridgeport,209 GRANDVIEW AVE,145710.00,355000.00,0.4104,Residential,Single Family,,,,POINT (-73.191331985 41.22015501),-73.191331985,41.22015501
220334,2022,09/05/2023,Avon,66 COUNTRY CLUB ROAD,200400.00,380000.00,0.5273,Residential,Single Family,,,,POINT (-72.841098017 41.792545999),-72.841098017,41.792545999
222278,2022,08/09/2023,Bridgeport,60 DOREEN DR,151780.00,240000.00,0.6324,Residential,Single Family,11 - Court Order,,,POINT (-73.236272984 41.221931009),-73.236272984,41.221931009
22028,2022,10/25/2022,Montville,230 MAPLE AVE UNIT B,87710.00,16500.00,5.3157,Residential,Single Family,15 - Government Agency,SALE FROM THE TOWN OF MONTVILLE,,POINT (-72.131620959 41.445301981),-72.131620959,41.445301981
220223,2022,01/06/2023,Greenwich,1375 KING STREET,1190280.00,1189900.00,1.0003,Residential,Single Family,14 - Foreclosure,,,POINT (-73.712081021 41.084187003),-73.712081021,41.084187003
22007,2022,10/20/2022,Barkhamsted,21 AQUATIC RD,154970.00,430000.00,0.3604,Residential,Single Family,25 - Other,"1940 Cottage/Camp, 672 SFLA, 0.51 AC Lakefront, Not on open market",,POINT (-73.036304998 41.88873102),-73.036304998,41.88873102
22010,2022,11/07/2022,Canterbury,102 TRACY RD,124800.00,187392.00,0.6659,Residential,Single Family,14 - Foreclosure,,,POINT (-71.988444977 41.687063017),-71.988444977,41.687063017
220249,2022,03/28/2023,Groton,368-370 POQUONNOCK RD,169540.00,285000.00,0.5948,Residential,Two Family,07 - Change in Property,FULL REMODEL,,POINT (-72.06648301 41.34473201),-72.06648301,41.34473201
220638,2022,06/15/2023,New Haven,163 HOWARD AV,130550.00,68000.00,1.9198,Residential,Two Family,03 - Inter Corporation,,,POINT (-72.930536025 41.285739001),-72.930536025,41.285739001
220037,2022,04/03/2023,Durham,79 STAGE COACH RD - UNIT 5,148610.00,325000.00,0.4572,Residential,Condo,,,,POINT (-72.708777018 41.440337003),-72.708777018,41.440337003
2200563,2022,08/22/2023,East Hartford,142 WAKEFIELD CIR,59120.00,131000.00,0.4512,Residential,Condo,,,,POINT (-72.606881196 41.760659756),-72.606881196,41.760659756
221203,2022,07/07/2023,Fairfield,65 GORHAM ROAD,367430.00,2055000.00,0.1787,Residential,Single Family,07 - Change in Property,PERMIT WORK-NEW CONSTRUCTION,,POINT (-73.269066007 41.128172004),-73.269066007,41.128172004
222375,2022,09/05/2023,Bridgeport,355 BIRMINGHAM ST,160470.00,260000.00,0.6171,Residential,Single Family,,,,POINT (-73.212747999 41.207757001),-73.212747999,41.207757001
2200329,2022,07/03/2023,East Haven,595 LAUREL ST,126350.00,285000.00,0.4433,Residential,Single Family,,,,POINT (-72.867532025 41.302661016),-72.867532025,41.302661016
220008,2022,10/03/2022,Meriden,22 MORGAN ST,129150.00,279300.00,0.4624,Residential,Single Family,,,,POINT (-72.810159993 41.539675003),-72.810159993,41.539675003
220299,2022,09/05/2023,Ledyard,10 OAKWOOD DR,127960.00,380000.00,0.3367,Residential,Single Family,,,,POINT (-72.064397274 41.425642714),-72.064397274,41.425642714
220111,2022,04/24/2023,Ellington,83 MAPLE ST,178310.00,300000.00,0.5943,Residential,Single Family,,,,POINT (-72.467680039 41.905877),-72.467680039,41.905877
220148,2022,04/06/2023,Ledyard,7 MULL BERRY DR,262921.00,500000.00,0.5258,Residential,Single Family,,,,POINT (-72.087672964 41.416900992),-72.087672964,41.416900992
220020,2022,02/27/2023,Kent,46A CAMPS RD,304500.00,25000.00,12.1800,Residential,Single Family,06 - Portion of Property,,,POINT (-73.384924025 41.685101987),-73.384924025,41.685101987
220069,2022,11/30/2022,East Lyme,31 SHORE R,400820.00,937500.00,0.4275,Residential,Single Family,,,,POINT (-72.3297025 41.305389655),-72.3297025,41.305389655
220108,2022,12/02/2022,Groton,13B MAXSON RD,206570.00,290000.00,0.7123,Residential,Single Family,,,,POINT (-72.058284 41.355670016),-72.058284,41.355670016
220021,2022,12/09/2022,Lisbon,10 BARBER FARM RD,323400.00,505000.00,0.6403,Residential,Single Family,,T0193300,,POINT (-72.005455965 41.579310005),-72.005455965,41.579310005
220029,2022,10/17/2022,Enfield,39 FRANKLIN ST,151500.00,315500.00,0.4802,Residential,Single Family,07 - Change in Property,,,POINT (-72.594898973 41.991361013),-72.594898973,41.991361013
220236,2022,06/29/2023,Killingly,867 UPPER MAPLE ST,326670.00,600000.00,0.5444,Residential,Single Family,,,,POINT (-71.895495035 41.832090016),-71.895495035,41.832090016
220313,2022,11/18/2022,Branford,113 D FLORENCE RD,92600.00,235000.00,0.3940,Residential,Condo,07 - Change in Property,TOTALLY RENOVATED PRIOR TO SALE,,POINT (-72.839979032 41.274947008),-72.839979032,41.274947008
220480,2022,04/25/2023,New Haven,17 ADELINE ST,82040.00,188000.00,0.4363,Residential,Two Family,,,,POINT (-72.940654993 41.296439004),-72.940654993,41.296439004
220015,2022,11/09/2022,Bethany,28 MILLER RD,267980.00,615000.00,0.4357,Residential,Single Family,,,,POINT (-73.040098982 41.399576017),-73.040098982,41.399576017
220691,2022,02/23/2023,Bridgeport,761 GARFIELD AVE,74450.00,255000.00,0.2919,Residential,Condo,,,,POINT (-73.21264398 41.191263008),-73.21264398,41.191263008
221054,2022,05/17/2023,Fairfield,492 RUANE STREET,934080.00,1620000.00,0.5765,Residential,Single Family,07 - Change in Property,PERMIT WORK,,POINT (-73.260602967 41.134538982),-73.260602967,41.134538982
220823,2022,08/09/2023,Meriden,70 SCHWINK DR,220570.00,370000.00,0.5961,Residential,Single Family,,,,POINT (-72.778065015 41.525766995),-72.778065015,41.525766995
220766,2022,07/06/2023,Hartford,61-63 CHADWICK AVE,85261.00,325000.00,0.2623,Residential,Three Family,,,,POINT (-72.708649027 41.759067002),-72.708649027,41.759067002
220053,2022,11/01/2022,East Hartford,27 BLINN ST,162600.00,160000.00,1.0162,Residential,Three Family,25 - Other,ESTATE,,POINT (-72.648163034 41.764463019),-72.648163034,41.764463019
220660,2022,06/21/2023,New Haven,550 WINCHESTER AV,129430.00,275000.00,0.4706,Residential,Two Family,,,,POINT (-72.927389039 41.32707201),-72.927389039,41.32707201
220100,2022,06/12/2023,Essex,25 ESSEX HILLS DR,367800.00,750000.00,0.4904,Residential,Single Family,,,,POINT (-72.387391968 41.334588021),-72.387391968,41.334588021
220317,2022,01/17/2023,Milford,46 SPINDRIFT LN,279060.00,490000.00,0.5695,Residential,Single Family,,,,POINT (-73.092101986 41.191559015),-73.092101986,41.191559015
220931,2022,09/11/2023,New Haven,82 MORRIS ST,131950.00,120000.00,1.0995,Residential,Two Family,25 - Other,BELOW MARKET - NO MLS,,POINT (-72.939460991 41.291106982),-72.939460991,41.291106982
220878,2022,08/10/2023,Hamden,101 EARL AVE,219240.00,320000.00,0.6851,Residential,Single Family,,,,POINT (-72.929401031 41.382571986),-72.929401031,41.382571986
2200098,2022,12/20/2022,East Haven,54 HOBSON ST,205450.00,425000.00,0.4834,Residential,Single Family,,,,POINT (-72.874284989 41.247435003),-72.874284989,41.247435003
220253,2022,07/11/2023,Killingly,58 ATHOL ST,55350.00,175000.00,0.3162,Residential,Condo,,,,POINT (-71.885954555 41.814834948),-71.885954555,41.814834948
220598,2022,01/31/2023,Bridgeport,2660 NORTH AVE UNIT #102,71760.00,70000.00,1.0251,Residential,Condo,25 - Other,DISTRESS SALE,,POINT (-73.22075498 41.177351983),-73.22075498,41.177351983
2200362,2022,07/27/2023,East Haven,266A COSEY BEACH AVE,154140.00,410000.00,0.3759,Residential,Single Family,,,,POINT (-72.874676004 41.245282991),-72.874676004,41.245282991
22289,2022,09/05/2023,Darien,40 TULIP TREE LANE,941850.00,2350000.00,0.4007,Residential,Single Family,,,,POINT (-73.451022959 41.081865007),-73.451022959,41.081865007
22039,2022,12/19/2022,Haddam,14 CHRISTIAN HILL RD,165720.00,330000.00,0.5021,Residential,Single Family,,,,POINT (-72.564845994 41.497987021),-72.564845994,41.497987021
222241,2022,08/01/2023,Bridgeport,135 CLEVELAND AVE #137,155360.00,365000.00,0.4256,Residential,Two Family,,,,POINT (-73.207629003 41.192192017),-73.207629003,41.192192017
220825,2022,08/10/2023,Meriden,10 WEBB ST,27090.00,9000.00,3.0100,Vacant Land,,25 - Other,,QUIT CLAIM DEED,POINT (-72.827134539 41.51926409),-72.827134539,41.51926409
220077,2022,11/14/2022,Newington,18 MULBERRY CT,186240.00,290000.00,0.6422,Residential,Condo,25 - Other,AS IS SALE,,POINT (-72.708620025 41.67560001),-72.708620025,41.67560001
2200359,2022,07/24/2023,East Haven,560 SILVER SANDS RD #2002,175980.00,340000.00,0.5175,Residential,Condo,,,,POINT (-72.878451968 41.24655),-72.878451968,41.24655
220516,2022,04/28/2023,Branford,80 ORCHARD HEIGHTS,94100.00,223000.00,0.4219,Residential,Condo,,,,POINT (-72.789151472 41.26689474),-72.789151472,41.26689474
220124,2022,04/24/2023,Clinton,84 FAIRY DELL RD,200664.00,390000.00,0.5145,Residential,Single Family,,,,POINT (-72.517057998 41.300314),-72.517057998,41.300314
22068,2022,06/06/2023,Lebanon,63 BEECH RD,92510.00,215000.00,0.4302,Residential,Single Family,,,,POINT (-72.319102004 41.624220997),-72.319102004,41.624220997
22030,2022,03/31/2023,Bolton,69 COUNTRY CLUB RD,272500.00,485000.00,0.5618,Residential,Single Family,,,,POINT (-72.449091995 41.781806979),-72.449091995,41.781806979
221884,2022,06/21/2023,Manchester,180 DEER RUN TRAIL,121600.00,155000.00,0.7845,Residential,Single Family,,,,POINT (-72.475738988 41.805047985),-72.475738988,41.805047985
2222146,2022,05/10/2023,Ansonia,16 BRUNS RD,172270.00,280000.00,0.6152,Residential,Single Family,,,,POINT (-73.060916026 41.333938004),-73.060916026,41.333938004
220585,2022,01/30/2023,Bridgeport,443 WILLOW ST #445,203890.00,215000.00,0.9483,Residential,Three Family,,,,POINT (-73.159581001 41.19251099),-73.159581001,41.19251099
220313,2022,05/09/2023,Groton,67 DEERFIELD RIDGE DR,261660.00,420000.00,0.6230,Residential,Single Family,,,,POINT (-71.983074021 41.391108996),-71.983074021,41.391108996
220207,2022,08/29/2023,Clinton,12 NOD RD,202800.00,305000.00,0.6649,Residential,Single Family,25 - Other,NOT ON OPEN MARKET,,POINT (-72.535904959 41.280959012),-72.535904959,41.280959012
220138,2022,08/01/2023,Mansfield,16 WESTGATE,176500.00,395000.00,0.4468,Residential,Single Family,,,,POINT (-72.284417018 41.816581987),-72.284417018,41.816581987
221106,2022,06/06/2023,Fairfield,149 LARKSPUR ROAD,391230.00,720000.00,0.5433,Residential,Single Family,,,,POINT (-73.256043966 41.168892002),-73.256043966,41.168892002
22030,2022,12/05/2022,Middlebury,165 BIOSKI RD,286600.00,420000.00,0.6823,Residential,Single Family,,,,POINT (-73.100537031 41.512279004),-73.100537031,41.512279004
2200169,2022,01/09/2023,East Hartford,22 VINCENT COURT,139130.00,239000.00,0.5821,Residential,Condo,25 - Other,ESTATE,,POINT (-72.618745731 41.788645973),-72.618745731,41.788645973
220224,2022,08/01/2023,East Hampton,36 SALMON RUN,52790.00,118750.00,0.4445,Vacant Land,,25 - Other,PRIVATE SALE,,POINT (-72.444377794 41.538769265),-72.444377794,41.538769265
220112,2022,01/13/2023,New London,41 ACORN CT,88550.00,240000.00,0.3690,Residential,Single Family,,,,POINT (-72.111750986 41.364515983),-72.111750986,41.364515983
220699,2022,07/03/2023,Greenwich,2 GRANT AVENUE,1116220.00,4300000.00,0.2595,Residential,Single Family,07 - Change in Property,SALE WITH NEW CONSTRUCTION,,POINT (-73.359125108 41.147977777),-73.359125108,41.147977777
220328,2022,09/26/2023,Killingly,20 LITCHFIELD AV,93450.00,280000.00,0.3337,Residential,Two Family,,,,POINT (-71.906004013 41.838453012),-71.906004013,41.838453012
220114,2022,02/06/2023,Killingly,387 PUTNAM PIKE,126070.00,147000.00,0.8576,Residential,Two Family,,,,POINT (-71.881345963 41.867439981),-71.881345963,41.867439981
22146,2022,03/06/2023,North Haven,11 LOUIS ST,106810.00,272500.00,0.3919,Residential,Two Family,,,,POINT (-72.865565965 41.347795008),-72.865565965,41.347795008
220015,2022,10/11/2022,Groton,44 & 46 MARDIE LN,17360.00,34000.00,0.5106,Residential,Condo,07 - Change in Property,"2 CONDO UNITS - CONSTRUCTION NOT COMPLETED - EACH ASSMT IS 8,680",,POINT (-72.080380959 41.370244008),-72.080380959,41.370244008
220348,2022,06/01/2023,Groton,75 A ST,41580.00,91000.00,0.4569,Residential,Single Family,,MOBILE HOME,,POINT (-72.053674959 41.341157002),-72.053674959,41.341157002
220120,2022,10/20/2022,Bridgeport,3250 FAIRFIELD AVE UNIT#104,113720.00,264000.00,0.4308,Residential,Condo,,,,POINT (-73.23341903 41.156232018),-73.23341903,41.156232018
220706,2022,06/23/2023,Hamden,24-26 WASHINGTON AVE,163870.00,192000.00,0.8534,Residential,Two Family,25 - Other,LOW SALES PRICE,,POINT (-72.899196005 41.383942008),-72.899196005,41.383942008
220445,2022,03/10/2023,Hartford,21 POMFRET ST,57477.00,175000.00,0.3284,Residential,Single Family,10 - A Will,,,POINT (-72.702483969 41.801204002),-72.702483969,41.801204002
220667,2022,05/23/2023,Milford,35 ROCK RD,340730.00,495500.00,0.6876,Residential,Single Family,,,,POINT (-73.009773005 41.212981986),-73.009773005,41.212981986
221360,2022,08/22/2023,Fairfield,927 SOUTH PINE CREEK ROAD,412720.00,935000.00,0.4414,Residential,Single Family,07 - Change in Property,PERMIT WORK,,POINT (-73.267732027 41.127849008),-73.267732027,41.127849008
2200013,2022,10/12/2022,East Haven,140 THOMPSON ST #25G,100800.00,175000.00,0.5760,Residential,Condo,,,,POINT (-72.856012021 41.326091998),-72.856012021,41.326091998
220151,2022,06/15/2023,Clinton,78 FOUNDERS RD,70600.00,185000.00,0.3816,Residential,Condo,,,,POINT (-72.507927004 41.275288989),-72.507927004,41.275288989
220195,2022,12/02/2022,Milford,118 BOTFORD AVE,210430.00,310000.00,0.6788,Residential,Single Family,,,,POINT (-73.092692994 41.189582982),-73.092692994,41.189582982
220281,2022,01/13/2023,Hamden,57 SMITH DR,132930.00,195195.00,0.6810,Residential,Single Family,14 - Foreclosure,BANK SALE,,POINT (-72.89667104 41.35253598),-72.89667104,41.35253598
22139,2022,08/16/2023,Burlington,59 SAW MILL RD; 65 SAW MILL RD,390.00,225000.00,0.0017,Vacant Land,,28 - Use Assessment,TWO LOTS SOLD TOGETHER,,POINT (-72.988365588 41.759999576),-72.988365588,41.759999576
2200444,2022,06/19/2023,East Hartford,68 MOHAWK DR,133040.00,307500.00,0.4326,Residential,Single Family,07 - Change in Property,,,POINT (-72.635956971 41.785430015),-72.635956971,41.785430015
220121,2022,02/13/2023,Madison,20 MARTLESHAMHEATH LN,276700.00,575000.00,0.4812,Residential,Single Family,,,,POINT (-72.660940994 41.416074997),-72.660940994,41.416074997
220114,2022,11/18/2022,Greenwich,21 SPRING HOUSE ROAD,878990.00,1000000.00,0.8789,Residential,Single Family,25 - Other,SOLD AS IS AS POTENTIAL TEAR DOWN,,POINT (-73.661555999 41.086209012),-73.661555999,41.086209012
220198,2022,07/06/2023,East Hampton,209 EAST HIGH ST,74110.00,32000.00,2.3159,Vacant Land,,25 - Other,PRIVATE SALE,,POINT (-72.486760556 41.60211425),-72.486760556,41.60211425
2200608,2022,09/12/2023,East Hartford,455-457 TOLLAND ST,156300.00,215000.00,0.7269,Residential,Two Family,,,,POINT (-72.614541963 41.781102983),-72.614541963,41.781102983
220151,2022,08/17/2023,Canton,73 TORRINGTON AVENUE,123980.00,295000.00,0.4203,Residential,Single Family,,,,POINT (-72.927793969 41.811527993),-72.927793969,41.811527993
2200180,2022,01/18/2023,Naugatuck,18 BRIDGE ST #3E,69720.00,112000.00,0.6225,Residential,Condo,,,,POINT (-73.055823014 41.50036702),-73.055823014,41.50036702
220277,2022,07/26/2023,East Windsor,11D RIVERVIEW DR,25740.00,215000.00,0.1197,Residential,Condo,27 - CRUMBLING FOUNDATION ASSESSMENT REDUCTION,,,POINT (-72.613583911 41.907363778),-72.613583911,41.907363778
220307,2022,08/17/2023,New Canaan,128 DUNNING RD,1723540.00,3705000.00,0.4651,Residential,Single Family,,,,POINT (-73.516474978 41.154394998),-73.516474978,41.154394998
220054,2022,11/07/2022,East Lyme,30 VILLAGE XING,212170.00,437000.00,0.4855,Residential,Condo,,,,POINT (-72.224412985 41.386741019),-72.224412985,41.386741019
2200251,2022,02/23/2023,East Hartford,8 DANIEL ST,116180.00,245000.00,0.4742,Residential,Single Family,,,,POINT (-72.621128965 41.778904997),-72.621128965,41.778904997
221137,2022,06/20/2023,Fairfield,85 WARNER HILL ROAD,1225000.00,1600000.00,0.7656,Residential,Single Family,25 - Other,ESTATE SALE,,POINT (-73.277845516 41.157672893),-73.277845516,41.157672893
220130,2022,11/21/2022,Hamden,82 CHURCH ST,186550.00,420000.00,0.4441,Residential,Three Family,,,,POINT (-72.933521994 41.353609996),-72.933521994,41.353609996
2200485,2022,07/14/2023,East Hartford,1010 BURNSIDE AVE,87150.00,88000.00,0.9903,Commercial,,,,,POINT (-72.594997041 41.783171008),-72.594997041,41.783171008
2200496,2022,08/30/2023,Naugatuck,12 FLANDERS RD,193340.00,370000.00,0.5225,Residential,Single Family,,,,POINT (-73.07193102 41.504802011),-73.07193102,41.504802011
220026,2022,10/24/2022,New London,8 ROSEWAY ST,122220.00,218000.00,0.5606,Residential,Single Family,,,,POINT (-72.114042012 41.34767498),-72.114042012,41.34767498
221345,2022,08/17/2023,Fairfield,110 JUDSON ROAD,474600.00,925000.00,0.5130,Residential,Single Family,,,,POINT (-73.244850018 41.142537999),-73.244850018,41.142537999
220137,2022,05/23/2023,Coventry,32 LESLIE LN,206500.00,395000.00,0.5227,Residential,Single Family,,,,POINT (-72.31114498 41.774522016),-72.31114498,41.774522016
223352,2022,06/21/2023,Newington,190 ASHLAND AVE,126740.00,325000.00,0.3899,Residential,Single Family,,,,POINT (-72.725469997 41.690803986),-72.725469997,41.690803986
220055,2022,05/15/2023,Canterbury,0 KINNE RD,500.00,5100.00,0.0980,Vacant Land,,28 - Use Assessment,1.71 AC OF REAR FARM LAND SPLIT TO ABUTTING OWNER,,POINT (-72.010499169 41.685873625),-72.010499169,41.685873625
220056,2022,11/23/2022,New London,41 SHERMAN ST,119630.00,269900.00,0.4432,Residential,Single Family,,,,POINT (-72.102386976 41.333042021),-72.102386976,41.333042021
220030,2022,05/08/2023,Cornwall,34 FURNACE BROOK RD,191800.00,325000.00,0.5901,Residential,Single Family,,,,POINT (-73.334842992 41.846413013),-73.334842992,41.846413013
220269,2022,01/19/2023,New Haven,45 HAVEN ST,168840.00,250000.00,0.6753,Residential,Three Family,,,,POINT (-72.903847961 41.308049993),-72.903847961,41.308049993
220641,2022,06/02/2023,Hamden,36 AUGUR ST,186760.00,495000.00,0.3772,Residential,Two Family,,,,POINT (-72.913700972 41.343654013),-72.913700972,41.343654013
220150,2022,12/29/2022,Newington,81 REVERE DR,197350.00,420000.00,0.4698,Residential,Single Family,,,,POINT (-72.735975959 41.658450007),-72.735975959,41.658450007
220069,2022,12/05/2022,Avon,10 MYSTIC COURT,165200.00,330000.00,0.5006,Residential,Condo,,,,POINT (-72.884381997 41.770814993),-72.884381997,41.770814993
220645,2022,05/11/2023,Hartford,180 FAIRFIELD AVE,93015.00,327000.00,0.2844,Residential,Two Family,,,,POINT (-72.692563987 41.736491016),-72.692563987,41.736491016
220054,2022,03/20/2023,New Hartford,220 MAIN STREET #10B,58170.00,126000.00,0.4616,Residential,Condo,,RIVER RUN CONDOS,,POINT (-72.956164029 41.865848006),-72.956164029,41.865848006
220739,2022,07/03/2023,Hamden,175 ARCH ST,110320.00,185000.00,0.5963,Residential,Single Family,,,,POINT (-72.941865005 41.338522989),-72.941865005,41.338522989
220727,2022,06/14/2023,Milford,20 MYERS LN,268270.00,427500.00,0.6275,Residential,Single Family,11 - Court Order,,,POINT (-73.039825984 41.210485981),-73.039825984,41.210485981
220129,2022,03/01/2023,Killingly,301 PUTNAM PIKE,146720.00,329000.00,0.4459,Residential,Single Family,,,,POINT (-71.883618968 41.861514017),-71.883618968,41.861514017
220085,2022,11/03/2022,Hamden,130 GRANDVIEW AVE,158340.00,310000.00,0.5107,Residential,Single Family,,,,POINT (-72.931044974 41.356856013),-72.931044974,41.356856013
220394,2022,02/16/2023,Hartford,275 PEARL ST,1053080.00,360000.00,2.9252,Commercial,,15 - Government Agency,,,POINT (-72.678547014 41.766215005),-72.678547014,41.766215005
22049,2022,06/12/2023,Barkhamsted,72 RATLUM RD,116740.00,226000.00,0.5165,Residential,Single Family,26 - Rehabilitation Deferred,"1966 RANCH, 1040 SFLA, 1.09 AC UPDATES NEEDED",,POINT (-72.931617039 41.912108987),-72.931617039,41.912108987
220160,2022,09/20/2023,Brooklyn,PARADISE DR,1700.00,19950.00,0.0852,Vacant Land,,25 - Other,"LOT 51 SOLD W/ MAP 49 LOTS 52, 53, 54",,POINT (-71.976556801 41.75332667),-71.976556801,41.75332667
2200285,2022,09/11/2023,Bloomfield,15 WOODLAND AVE UNIT E,80220.00,170000.00,0.4719,Residential,Condo,25 - Other,NOT LISTED,,POINT (-72.733564417 41.833999958),-72.733564417,41.833999958
220070,2022,11/01/2022,Branford,27 GRIFFING POND RD,253600.00,469000.00,0.5407,Residential,Single Family,,,,POINT (-72.77826199 41.281320984),-72.77826199,41.281320984
2222027,2022,10/31/2022,Ansonia,2 LOCKE ST,191870.00,400000.00,0.4797,Residential,Two Family,07 - Change in Property,"COMPLETE INT/EXT RENOVATIONS, REMODEL & UPDATES. HOUSE FLIPPED",,POINT (-73.075817038 41.351124007),-73.075817038,41.351124007
220259,2022,01/23/2023,Greenwich,269 RIVERSVILLE ROAD,2289000.00,5260000.00,0.4351,Residential,Single Family,,,,POINT (-73.667515029 41.05529802),-73.667515029,41.05529802
220421,2022,03/08/2023,Milford,25 BELFAST ST,290800.00,460000.00,0.6321,Residential,Single Family,,,,POINT (-73.088964975 41.199695999),-73.088964975,41.199695999
220083,2022,11/02/2022,Hartford,15 TOWNLEY ST,53962.00,325000.00,0.1660,Residential,Three Family,,,,POINT (-72.695798982 41.771825013),-72.695798982,41.771825013
2200486,2022,09/18/2023,New Milford,335 W MEETINGHSE RD,474230.00,1020000.00,0.4649,Residential,Single Family,,SALES RATIO,,POINT (-73.441072969 41.65323902),-73.441072969,41.65323902
22158,2022,06/06/2023,Monroe,22 PRESTIGE PLACE,79700.00,544900.00,0.1462,Residential,Condo,07 - Change in Property,,,POINT (-73.206797 41.331612),-73.206797,41.331612
220948,2022,09/15/2023,New Haven,133 CLAY ST,266210.00,630000.00,0.4225,Apartments,,25 - Other,MULTI PARCEL SALE,,POINT (-72.901555008 41.31043498),-72.901555008,41.31043498
22032,2022,03/06/2023,Ashford,373 SQUAW HOLLOW RD,187670.00,292000.00,0.6427,Residential,Single Family,14 - Foreclosure,,,POINT (-72.207953023 41.844717018),-72.207953023,41.844717018
220264,2022,07/12/2023,Madison,316 COPSE RD,307400.00,305000.00,1.0078,Residential,Single Family,08 - Part Interest,sale of 1/2 interest from family trust,,POINT (-72.612934985 41.296916982),-72.612934985,41.296916982
220147,2022,05/10/2023,East Hampton,85 NORTH MAIN ST UNIT 6A,93730.00,205000.00,0.4572,Residential,Condo,,,,POINT (-72.512163973 41.595625003),-72.512163973,41.595625003
220302,2022,03/22/2023,Enfield,723 ENFIELD ST,550600.00,350000.00,1.5731,Commercial,,25 - Other,,2 OF 3 BUILDINGS ON PROPERTY NEED EXTENSIVE REPAIRS PER MLS - FREEZE DAMAGE,POINT (-72.590403004 42.002952011),-72.590403004,42.002952011
220528,2022,04/03/2023,Hartford,34 HARPER ST,39580.00,145500.00,0.2720,Residential,Single Family,,,,POINT (-72.682461027 41.794479998),-72.682461027,41.794479998
220712,2022,02/27/2023,Bridgeport,156 ROBERT ST,132755.00,240500.00,0.5519,Residential,Single Family,14 - Foreclosure,,,POINT (-73.194068006 41.210075981),-73.194068006,41.210075981
220859,2022,08/18/2023,New Haven,144 LLOYD ST,129570.00,265000.00,0.4889,Residential,Two Family,,,,POINT (-72.900738024 41.30541401),-72.900738024,41.30541401
221924,2022,05/24/2023,Bridgeport,2625 PARK AVE UNIT #5R,59050.00,90000.00,0.6561,Residential,Condo,,,,POINT (-73.216777012 41.193259997),-73.216777012,41.193259997
220514,2022,07/11/2023,Enfield,111 MIDDLE RD,202100.00,352000.00,0.5741,Residential,Single Family,,,,POINT (-72.554548994 41.986178021),-72.554548994,41.986178021
22274,2022,08/21/2023,Darien,67 SALEM STRAIGHTS,3455670.00,7200000.00,0.4799,Residential,Single Family,,,,POINT (-73.471742018 41.058006003),-73.471742018,41.058006003
220493,2022,06/30/2023,Enfield,29 ARBOR RD,143700.00,310000.00,0.4635,Residential,Single Family,,,,POINT (-72.509410015 41.988350987),-72.509410015,41.988350987
223288,2022,05/08/2023,Newington,6 PATRIOT LN,194210.00,383000.00,0.5070,Residential,Single Family,,,,POINT (-72.738870984 41.671588012),-72.738870984,41.671588012
220472,2022,04/27/2023,Greenwich,221 BYRAM ROAD,311430.00,375000.00,0.8304,Residential,Single Family,25 - Other,SALE AFTER CONSERVATORSHIP ESTABLISHED,,POINT (-73.652103978 41.005987996),-73.652103978,41.005987996
220301,2022,09/14/2023,Griswold,1588-1590 VOLUNTOWN RD,181720.00,350000.00,0.5192,Residential,Single Family,,SINGLE FAM HOME,,POINT (-71.874431983 41.572984979),-71.874431983,41.572984979
220032,2022,12/13/2022,Hebron,976 CHURCH ST,276780.00,595000.00,0.4651,Residential,Single Family,07 - Change in Property,NEW CONSTRUCTION,,POINT (-72.344088039 41.599762981),-72.344088039,41.599762981
220257,2022,07/13/2023,New Canaan,64 HEMLOCK HILL RD,1944250.00,3100000.00,0.6271,Residential,Single Family,,,,POINT (-73.511958976 41.161843995),-73.511958976,41.161843995
22245,2022,09/22/2023,Derby,20 SMITH ST,109410.00,375000.00,0.2917,Residential,Two Family,,,,POINT (-73.093405959 41.325884001),-73.093405959,41.325884001
22141,2022,02/21/2023,Montville,14 RICKEY LN,190400.00,350000.00,0.5440,Residential,Single Family,,,,POINT (-72.173945965 41.461171983),-72.173945965,41.461171983
220533,2022,03/31/2023,Milford,151 SEABREEZE AVE,233370.00,470000.00,0.4965,Residential,Single Family,,,,POINT (-73.004846039 41.225612006),-73.004846039,41.225612006
220541,2022,05/22/2023,Greenwich,5 GREENWICH COVE DRIVE,1044540.00,2032000.00,0.5140,Residential,Single Family,,,,POINT (-73.570095018 41.024796986),-73.570095018,41.024796986
22125,2022,02/13/2023,North Haven,32 HILLTOP TERR,194520.00,417500.00,0.4659,Residential,Single Family,,,,POINT (-72.892336004 41.38366398),-72.892336004,41.38366398
220001,2022,10/07/2022,Bethlehem,173 TODD HILL RD,241850.00,615000.00,0.3932,Residential,Single Family,28 - Use Assessment,5 AC IN PA490,,POINT (-73.23355599 41.662501987),-73.23355599,41.662501987
220276,2022,09/08/2023,Brookfield,3 CANDLEVIEW RD,240080.00,526500.00,0.4559,Residential,Single Family,,,,POINT (-73.41777899 41.460699999),-73.41777899,41.460699999
220123,2022,12/16/2022,Harwinton,10 BREAK MAIDEN LANE,70200.00,150000.00,0.4680,Vacant Land,,,,,POINT (-73.0599759 41.771517),-73.0599759,41.771517
2200463,2022,06/26/2023,East Hartford,86 HILLS ST,123300.00,234000.00,0.5269,Residential,Single Family,,,,POINT (-72.601146005 41.740755016),-72.601146005,41.740755016
220754,2022,07/05/2023,Hamden,49 SECOND ST,112070.00,295000.00,0.3798,Residential,Single Family,,,,POINT (-72.936603014 41.343360982),-72.936603014,41.343360982
221608,2022,01/17/2023,Manchester,38 GROVE STREET APT A,62300.00,117000.00,0.5324,Residential,Condo,,,,POINT (-72.522398025 41.789821001),-72.522398025,41.789821001
220020,2022,10/25/2022,East Hampton,18 SUMMIT ST,243460.00,310000.00,0.7854,Residential,Three Family,25 - Other,IRC SECTION 1031  TAX DEFERED,,POINT (-72.498620996 41.577599007),-72.498620996,41.577599007
2200048,2022,01/03/2023,New Fairfield,6 FARVIEW RD,112800.00,297500.00,0.3791,Vacant Land,,,,,POINT (-73.399497301 41.478577021),-73.399497301,41.478577021
220089,2022,07/20/2023,New Hartford,37 CHURCH STREET,135380.00,312000.00,0.4339,Residential,Single Family,,,,POINT (-72.967387984 41.873738981),-72.967387984,41.873738981
22165,2022,03/28/2023,North Haven,250 STATE ST J-2,129500.00,235000.00,0.5510,Commercial,,,,,POINT (-72.883339959 41.377652982),-72.883339959,41.377652982
220392,2022,05/10/2023,Enfield,1379 ENFIELD ST,501700.00,950000.00,0.5281,Commercial,,,,,POINT (-72.592098998 41.971156016),-72.592098998,41.971156016
220039,2022,07/24/2023,Canaan,70 RAILROAD ST,399900.00,719000.00,0.5561,Residential,Single Family,,,,POINT (-73.327555335 42.031791416),-73.327555335,42.031791416
222116,2022,07/03/2023,Bridgeport,2689 MAIN ST #2697,227820.00,410000.00,0.5556,Commercial,,,,,POINT (-73.202256036 41.199117019),-73.202256036,41.199117019
220039,2022,10/24/2022,Brookfield,10 NEW BRIDGE RD,920.00,155000.00,0.0059,Vacant Land,,14 - Foreclosure,"FORECLOSURE BY SALE COMMITTEE DEED FOR REVERSE MTG. EXCESS LAND, MAIN PROPERTY IS 35 NEW BRIDGE RD N",,POINT (-73.396772013 41.512413994),-73.396772013,41.512413994
220442,2022,02/17/2023,Branford,22 WILLOW RD,33800.00,20000.00,1.6900,Vacant Land,,25 - Other,PRIVATE SALE OF VACANT LAND/BOUGHT BY NEIGHBOR/NOT ON MARKET,,POINT (-72.803936626 41.286830692),-72.803936626,41.286830692
220125,2022,12/19/2022,Harwinton,36 +38 HARWINTON HEIGHTS,124600.00,170000.00,0.7329,Residential,Two Family,,HOUSE + MOBILE HOME ON SAME PARCEL,,POINT (-73.05634603 41.774572324),-73.05634603,41.774572324
220381,2022,09/21/2023,New London,30 BAYSHORE DR,139160.00,388888.00,0.3578,Residential,Single Family,,,,POINT (-72.098892979 41.314310982),-72.098892979,41.314310982
22222,2022,07/06/2023,Darien,10 BROWN ST,766850.00,1658000.00,0.4625,Residential,Single Family,,,,POINT (-73.50338102 41.071913005),-73.50338102,41.071913005
220242,2022,12/29/2022,Meriden,101 THE FALLS,83230.00,149500.00,0.5567,Residential,Condo,,,,POINT (-72.7601 41.90871),-72.7601,41.90871
220886,2022,07/21/2023,Milford,26 YORK ST,221980.00,405000.00,0.5480,Residential,Single Family,,,,POINT (-73.086877965 41.200331012),-73.086877965,41.200331012
22025,2022,11/29/2022,Columbia,8 TIMBER TRAIL,234080.00,432500.00,0.5412,Residential,Single Family,,,,POINT (-72.306160011 41.692771009),-72.306160011,41.692771009
220134,2022,03/02/2023,Killingly,729 CHESTNUT HILL RD,57170.00,50000.00,1.1434,Residential,Two Family,25 - Other,,ESTATE SALE - FIRST OF TWO SALES SAME DAY,POINT (-71.861185977 41.876521982),-71.861185977,41.876521982
220124,2022,06/27/2023,North Branford,218 NOTCH HILL RD,180200.00,275000.00,0.6552,Residential,Single Family,,,,POINT (-72.759764973 41.321086996),-72.759764973,41.321086996
220468,2022,01/26/2023,Fairfield,60 EDGE HILL ROAD,301000.00,205000.00,1.4682,Residential,Single Family,08 - Part Interest,,,POINT (-73.248769982 41.151522017),-73.248769982,41.151522017
220028,2022,11/09/2022,East Windsor,29 ROLOCUT RD,112780.00,240000.00,0.4699,Residential,Single Family,,,,POINT (-72.566182992 41.936172006),-72.566182992,41.936172006
2200225,2022,03/17/2023,New Milford,26 JUDDS BRIDGE,58330.00,350000.00,0.1666,Vacant Land,,28 - Use Assessment,FARM / FOREST,,POINT (-73.358160021 41.579350993),-73.358160021,41.579350993
220183,2022,05/26/2023,Brookfield,14 MAPLE TREE RD,233050.00,502500.00,0.4637,Residential,Single Family,,,,POINT (-73.360503015 41.475063982),-73.360503015,41.475063982
220356,2022,03/15/2023,Greenwich,20 BLIND BROOK LANE,762300.00,1535200.00,0.4965,Residential,Single Family,,,,POINT (-73.672882967 41.044612015),-73.672882967,41.044612015
220808,2022,07/24/2023,Hamden,371 WEST SHEPARD AVE,141610.00,210000.00,0.6743,Residential,Single Family,,,,POINT (-72.935616967 41.400580002),-72.935616967,41.400580002
221946,2022,05/26/2023,Bridgeport,1421 & 1431 KOSSUTH ST,185581.00,350000.00,0.5302,Residential,Single Family,14 - Foreclosure,,,POINT (-73.181765824 41.198059876),-73.181765824,41.198059876
220352,2022,01/31/2023,Hartford,1 GOLD ST 020F,29327.00,110000.00,0.2666,Residential,Condo,,,,POINT (-72.67463803 41.763729016),-72.67463803,41.763729016
22010,2022,12/13/2022,Eastford,GENERAL LYON RD,24140.00,70000.00,0.3449,Vacant Land,,12 - Non Buildable Lot,,"ASSESSED AS NOT BUILDABLE. ASSESSMENT INCREASED TO $24,140",POINT (-72.087271094 41.872723374),-72.087271094,41.872723374
221124,2022,09/29/2023,Milford,2 WEPAWAUG DR,203860.00,385000.00,0.5295,Residential,Single Family,,,,POINT (-73.061728986 41.242514994),-73.061728986,41.242514994
220166,2022,09/11/2023,Canton,134 WINTERBOURNE LANE,151380.00,402500.00,0.3760,Residential,Condo,,,,POINT (-72.924008243 41.835375031),-72.924008243,41.835375031
2200400,2022,06/28/2023,Naugatuck,32 STANLEY ST,147070.00,265000.00,0.5549,Residential,Single Family,,,,POINT (-73.043040025 41.503587012),-73.043040025,41.503587012
220132,2022,03/17/2023,New Canaan,609 CARTER ST,991410.00,1695000.00,0.5849,Residential,Single Family,,,,POINT (-73.464526959 41.140997992),-73.464526959,41.140997992
220044,2022,10/25/2022,Enfield,10 BRAINARD RD,116200.00,185000.00,0.6281,Residential,Single Family,,,,POINT (-72.59193597 42.013048014),-72.59193597,42.013048014
220231,2022,07/26/2023,Brookfield,77B LONG MEADOW HILL RD,430110.00,695000.00,0.6188,Residential,Single Family,,,,POINT (-73.390419033 41.487684991),-73.390419033,41.487684991
220987,2022,04/25/2023,Bridgeport,320 RED OAK LANE,104880.00,259500.00,0.4041,Residential,Condo,,,,POINT (-73.199895021 41.227510004),-73.199895021,41.227510004
220298,2022,01/24/2023,Hamden,97 WAKEFIELD ST,175280.00,350000.00,0.5008,Residential,Single Family,,,,POINT (-72.911993998 41.365974979),-72.911993998,41.365974979
220023,2022,10/05/2022,Bridgeport,170 HAZELWOOD AVE,143430.00,302000.00,0.4749,Residential,Single Family,,,,POINT (-73.210250024 41.176828994),-73.210250024,41.176828994
220036,2022,10/31/2022,New Canaan,142 PARADE HILL RD,1225770.00,2500000.00,0.4903,Residential,Single Family,,,,POINT (-73.497714015 41.157886983),-73.497714015,41.157886983
220873,2022,03/29/2023,Bridgeport,2955 MADISON AVE UNIT #27,71090.00,138000.00,0.5151,Residential,Condo,,,,POINT (-73.228072968 41.214123015),-73.228072968,41.214123015
220985,2022,09/13/2023,Hamden,472 SHELTON AVE,70000.00,140000.00,0.5000,Residential,Single Family,25 - Other,ESTATE SALE,,POINT (-72.930283981 41.336093997),-72.930283981,41.336093997
220868,2022,08/07/2023,Hamden,28 DIX ST,119910.00,230000.00,0.5213,Residential,Two Family,,,,POINT (-72.938465976 41.339162989),-72.938465976,41.339162989
220220,2022,06/05/2023,Madison,26 PRINCESS DR,207900.00,482000.00,0.4313,Residential,Single Family,,,,POINT (-72.640275998 41.365120989),-72.640275998,41.365120989
22181,2022,03/30/2023,Montville,32 DOCK RD,169050.00,351000.00,0.4816,Residential,Single Family,07 - Change in Property,SALES RATIO,TOTAL RENOVATION PER MLS,POINT (-72.101813989 41.43313699),-72.101813989,41.43313699
2200051,2022,11/14/2022,East Haven,27 BLAKE CT,185430.00,390000.00,0.4754,Residential,Single Family,,,,POINT (-72.869125005 41.29927699),-72.869125005,41.29927699
220272,2022,08/07/2023,Ledyard,14 HEATH SPUR,163500.00,192220.00,0.8505,Residential,Single Family,08 - Part Interest,1/2 INTEREST,,POINT (-72.000388015 41.468993012),-72.000388015,41.468993012
22063,2022,08/15/2023,Marlborough,3 HOLLY LN,239880.00,625000.00,0.3838,Residential,Single Family,,,,POINT (-72.480520025 41.624001014),-72.480520025,41.624001014
220388,2022,03/16/2023,New Haven,22 SHOREHAM RD,193620.00,258000.00,0.7504,Residential,Single Family,,,,POINT (-72.892907985 41.261389992),-72.892907985,41.261389992
220322,2022,08/30/2023,New Canaan,295 PONUS RDIGE,681730.00,1050000.00,0.6492,Residential,Single Family,,,,POINT (-73.518318997 41.124103009),-73.518318997,41.124103009
220048,2022,01/19/2023,Mansfield,26B CRYSTAL LA,58700.00,117500.00,0.4995,Residential,Condo,,,,POINT (-72.308261018 41.82097599),-72.308261018,41.82097599
220040,2022,11/21/2022,Clinton,227 EAST MAIN ST UNIT 4,268100.00,375000.00,0.7149,Commercial,,,COMMERCIAL CONDO UNIT,,POINT (-72.505492984 41.27236798),-72.505492984,41.27236798
220006,2022,10/04/2022,Fairfield,625 TOWNE HOUSE ROAD,582680.00,1425000.00,0.4088,Residential,Single Family,07 - Change in Property,UPDATES & UPGRADES,,POINT (-73.282103973 41.19994402),-73.282103973,41.19994402
220074,2022,12/06/2022,Killingly,113 COOK HILL RD,105700.00,260000.00,0.4065,Residential,Single Family,,,,POINT (-71.831998011 41.797569986),-71.831998011,41.797569986
220162,2022,06/01/2023,East Hampton,6 NORTH RIDGE,193730.00,381000.00,0.5084,Residential,Condo,25 - Other,ESTATE,,POINT (-72.486206979 41.594139981),-72.486206979,41.594139981
220098,2022,12/01/2022,East Hartford,11-13 BLINN ST,136120.00,261000.00,0.5215,Residential,Three Family,,,,POINT (-72.647431964 41.764372998),-72.647431964,41.764372998
221561,2022,12/27/2022,Manchester,213 OAKLAND STREET UNIT E,110500.00,190000.00,0.5815,Residential,Condo,,,,POINT (-72.516355008 41.800655994),-72.516355008,41.800655994
220073,2022,07/13/2023,East Granby,261 HARTFORD AVENUE,122200.00,236000.00,0.5177,Residential,Single Family,,,,POINT (-72.764081989 41.922085002),-72.764081989,41.922085002
220975,2022,09/08/2023,Hamden,68 FALLON DR,153860.00,353000.00,0.4358,Residential,Single Family,,,,POINT (-72.945237967 41.359838001),-72.945237967,41.359838001
223412,2022,07/13/2023,Newington,74 STARR AVE,145590.00,200500.00,0.7261,Residential,Single Family,25 - Other,NOT AN ARMS LENGTH TRANSACTION,,POINT (-72.730221028 41.714114017),-72.730221028,41.714114017
220080,2022,11/04/2022,Greenwich,613 STEAMBOAT ROAD,2542120.00,5963850.00,0.4262,Residential,Single Family,,,,POINT (-73.622189971 41.015268984),-73.622189971,41.015268984
220259,2022,04/03/2023,Groton,1342 NORTH RD,107940.00,217000.00,0.4974,Residential,Single Family,,,,POINT (-72.027980989 41.389358016),-72.027980989,41.389358016
22008,2022,11/08/2022,Chester,134 MIDDLESEX AVE,146230.00,395000.00,0.3702,Residential,Single Family,,M/B/L 10/204,,POINT (-72.439285001 41.410161984),-72.439285001,41.410161984
22292,2022,08/09/2023,Montville,78 GLENDALE RD,160790.00,330000.00,0.4872,Residential,Single Family,,,,POINT (-72.200305039 41.446098011),-72.200305039,41.446098011
22064,2022,06/28/2023,Columbia,45A LAKE ROAD,263410.00,520000.00,0.5065,Residential,Single Family,,,,POINT (-72.324698014 41.70623398),-72.324698014,41.70623398
220305,2022,05/05/2023,Groton,202 SHENNECOSSETT PKWY,156940.00,390000.00,0.4024,Residential,Single Family,,,,POINT (-72.070758032 41.330886991),-72.070758032,41.330886991
220778,2022,07/31/2023,Meriden,77 WINDSOR AVE,128870.00,237500.00,0.5426,Residential,Three Family,,,,POINT (-72.811530015 41.541539012),-72.811530015,41.541539012
220105,2022,06/05/2023,Mansfield,32B ANTON RD,72700.00,195000.00,0.3728,Residential,Single Family,,,,POINT (-72.297971981 41.832493982),-72.297971981,41.832493982
2200382,2022,08/08/2023,East Haven,654 BRADLEY ST,161280.00,346500.00,0.4654,Residential,Single Family,,,,POINT (-72.869910976 41.301370999),-72.869910976,41.301370999
221941,2022,07/14/2023,Manchester,25 GREENWOOD DRIVE,128600.00,250000.00,0.5144,Residential,Single Family,,,,POINT (-72.488407983 41.786693),-72.488407983,41.786693
220182,2022,12/13/2022,New Haven,1 GRAND AV & 181 FRONT ST,823970.00,1275000.00,0.6462,Commercial,,,,,POINT (-72.888571021 41.309404006),-72.888571021,41.309404006
2200246,2022,04/11/2023,New Milford,16 ASPETUCK RDG RD,165530.00,337500.00,0.4905,Residential,Single Family,,SALES RATIO,,POINT (-73.423955028 41.586095994),-73.423955028,41.586095994
22198,2022,05/03/2023,North Haven,62 ALLENDALE DR,371380.00,900000.00,0.4126,Residential,Single Family,,,,POINT (-72.876815988 41.387476992),-72.876815988,41.387476992
220043,2022,10/14/2022,Meriden,42 SUSAN LA,269570.00,415000.00,0.6495,Residential,Single Family,,,,POINT (-72.784890985 41.51212398),-72.784890985,41.51212398
220887,2022,04/03/2023,Bridgeport,101 AMERIDGE DR,87770.00,265000.00,0.3312,Residential,Condo,,,,POINT (-73.221585323 41.211367716),-73.221585323,41.211367716
220049,2022,10/24/2022,Greenwich,29 WEST BROTHER DRIVE,2698780.00,4720000.00,0.5717,Residential,Single Family,,,,POINT (-73.612969962 41.034918009),-73.612969962,41.034918009
220059,2022,11/01/2022,Enfield,35 QUAIL HOLLOW,198200.00,360000.00,0.5505,Residential,Condo,,,,POINT (-72.5564809 41.996834769),-72.5564809,41.996834769
222209,2022,07/25/2023,Bridgeport,272 GODDARD AVE #274,154410.00,355555.00,0.4343,Residential,Two Family,11 - Court Order,,,POINT (-73.176098966 41.200737996),-73.176098966,41.200737996
220159,2022,07/03/2023,Coventry,60 MOUNTAIN RIDGE DR,211400.00,516900.00,0.4089,Residential,Single Family,,,,POINT (-72.314680969 41.832394992),-72.314680969,41.832394992
221795,2022,05/09/2023,Manchester,203 HIGH STREET,128900.00,227000.00,0.5678,Residential,Single Family,,,,POINT (-72.538863017 41.769209021),-72.538863017,41.769209021
220140,2022,12/01/2022,Fairfield,2015 REDDING ROAD,792470.00,2300000.00,0.3445,Residential,Single Family,07 - Change in Property,PERMIT WORK,,POINT (-73.308073959 41.186145018),-73.308073959,41.186145018
222005,2022,08/15/2023,Manchester,37 CASTLE ROAD,133500.00,225000.00,0.5933,Residential,Single Family,,,,POINT (-72.544985997 41.78512198),-72.544985997,41.78512198
220545,2022,01/17/2023,Bridgeport,25 CARTRIGHT ST UNIT #1K,59070.00,160000.00,0.3692,Residential,Condo,,,,POINT (-73.219296026 41.177733988),-73.219296026,41.177733988
220359,2022,12/05/2022,Bridgeport,245 ACTON RD,176665.00,330000.00,0.5353,Residential,Single Family,25 - Other,EXECUTOR'S DEED,,POINT (-73.223998022 41.226117979),-73.223998022,41.226117979
220008,2022,10/03/2022,New Haven,184 EAST ROCK RD,591360.00,1180000.00,0.5011,Residential,Single Family,,,,POINT (-72.916267008 41.330913017),-72.916267008,41.330913017
22212,2022,08/01/2023,Derby,20 GRANDVIEW BLVD,140210.00,205000.00,0.6839,Residential,Single Family,14 - Foreclosure,,,POINT (-73.070265033 41.315794998),-73.070265033,41.315794998
220391,2022,06/28/2023,Groton,240 BRIDGE ST,116130.00,165000.00,0.7038,Residential,Two Family,,,,POINT (-72.075405965 41.360447994),-72.075405965,41.360447994
220871,2022,08/23/2023,New Haven,1516 QUINNIPIAC AV,152180.00,320000.00,0.4755,Residential,Two Family,,,,POINT (-72.870018013 41.32774998),-72.870018013,41.32774998
2200055,2022,05/15/2023,Killingworth,94 ROAST MEAT HILL ROAD,548940.00,930000.00,0.5902,Residential,Single Family,,,,POINT (-72.545566025 41.338652992),-72.545566025,41.338652992
220909,2022,09/14/2023,Meriden,310 MAIN ST,128100.00,300100.00,0.4268,Residential,Single Family,,,,POINT (-72.83647196 41.519788015),-72.83647196,41.519788015
22067,2022,09/13/2023,Bolton,874 HOP RIVER RD,121500.00,297000.00,0.4090,Residential,Single Family,17 - Two Towns,,,POINT (-72.412452014 41.772732982),-72.412452014,41.772732982
22000407,2022,09/25/2023,Cheshire,1813 PECK LANE,129520.00,270000.00,0.4797,Residential,Single Family,,,,POINT (-72.903962961 41.555993018),-72.903962961,41.555993018
220266,2022,07/03/2023,East Windsor,9-07 NORTH RD,12800.00,42900.00,0.2984,Residential,Single Family,,MOBILE HOME,,POINT (-72.604201028 41.931009186),-72.604201028,41.931009186
220057,2022,11/03/2022,Groton,20 & 0 HIGH ST (NOANK),549570.00,1000000.00,0.5495,Residential,Single Family,25 - Other,"2 PARCELS - 20 HIGH ST ASSMT=546,770 & VACANT 0 HIGH ST ASSMT=2,800",,POINT (-72.073432593 41.346278887),-72.073432593,41.346278887
220143,2022,12/02/2022,Fairfield,16 HORACE COURT,358190.00,308000.00,1.1630,Residential,Single Family,08 - Part Interest,,,POINT (-73.244795032 41.145360983),-73.244795032,41.145360983
220886,2022,08/11/2023,Hamden,49 LYNMOOR PL,136570.00,305000.00,0.4477,Residential,Single Family,,,,POINT (-72.898925018 41.340723993),-72.898925018,41.340723993
220519,2022,09/15/2023,Groton,21 COUNTRY CLUB RD,140560.00,312000.00,0.4505,Residential,Single Family,,,,POINT (-72.072298961 41.329981997),-72.072298961,41.329981997
222078,2022,06/23/2023,Bridgeport,96 MANHATTAN AVE #98,229000.00,500000.00,0.4580,Residential,Two Family,,,,POINT (-73.206985022 41.200706019),-73.206985022,41.200706019
220727,2022,09/29/2023,Branford,22 WOODLAWN AVE,205700.00,455000.00,0.4521,Residential,Three Family,,,,POINT (-72.809564039 41.270576013),-72.809564039,41.270576013
220925,2022,09/11/2023,Hartford,30 WOODLAND ST UNIT 7D,19294.00,62500.00,0.3087,Residential,Condo,10 - A Will,,,POINT (-72.701172034 41.769168997),-72.701172034,41.769168997
221961,2022,05/31/2023,Bridgeport,130 HORACE ST #132,131170.00,278000.00,0.4718,Residential,Two Family,11 - Court Order,,,POINT (-73.177659005 41.200022013),-73.177659005,41.200022013
220228,2022,11/09/2022,Bridgeport,46B NOB HILL CIRCLE,37950.00,60000.00,0.6325,Residential,Condo,,,,POINT (-73.17374298 41.208486017),-73.17374298,41.208486017
2200279,2022,04/04/2023,Naugatuck,1081 NEW HAVEN RD 5H,84840.00,186000.00,0.4561,Residential,Condo,,,,POINT (-73.030906968 41.467252007),-73.030906968,41.467252007
220703,2022,07/05/2023,New Haven,21 STANLEY ST,261870.00,495000.00,0.5290,Residential,Three Family,,,,POINT (-72.948987024 41.313430002),-72.948987024,41.313430002
220524,2022,07/17/2023,Enfield,4 HOLIDAY LA,131700.00,265000.00,0.4969,Residential,Single Family,,,,POINT (-72.525540987 41.986383),-72.525540987,41.986383
22021,2022,10/24/2022,Darien,18 INTERVALE RD,938490.00,1812000.00,0.5179,Residential,Single Family,,,,POINT (-73.510226018 41.075409013),-73.510226018,41.075409013
221392,2022,09/01/2023,Fairfield,49 MOHICAN HILL ROAD,407610.00,825000.00,0.4940,Residential,Single Family,07 - Change in Property,CONVERTED ENCLOSED PORCH TO LIVING AREA - LISTING REVIEW,,POINT (-73.259091039 41.204358014),-73.259091039,41.204358014
220207,2022,12/22/2022,New Haven,314 BLAKE ST,221480.00,625000.00,0.3543,Apartments,,,,,POINT (-72.954081964 41.327817999),-72.954081964,41.327817999
220314,2022,11/29/2022,Bridgeport,286 LAFAYETTE ST #292,237360.00,650000.00,0.3651,Apartments,,,,,POINT (-73.187860033 41.167416997),-73.187860033,41.167416997
220085,2022,12/27/2022,Ledyard,62 HIGHLAND DR,136430.00,230000.00,0.5931,Residential,Single Family,,,,POINT (-71.973637003 41.434474993),-71.973637003,41.434474993
220109,2022,12/02/2022,Newington,67 WEBSTER CT,91710.00,160000.00,0.5731,Residential,Condo,25 - Other,AS IS SALE POOR CONDITION,,POINT (-72.721861001 41.654309012),-72.721861001,41.654309012
220225,2022,09/20/2023,Clinton,31 MERRILL RD,286400.00,668000.00,0.4287,Residential,Single Family,,,,POINT (-72.513478004 41.263417993),-72.513478004,41.263417993
220596,2022,08/17/2023,Enfield,273 PEARL ST,137200.00,280000.00,0.4900,Residential,Single Family,,,,POINT (-72.598091975 41.983466014),-72.598091975,41.983466014
220082,2022,11/01/2022,Meriden,861 SO CURTIS ST,135100.00,149000.00,0.9067,Residential,Single Family,25 - Other,SHORT SALE AFTER FORECLOSURE,,POINT (-72.800581992 41.507731989),-72.800581992,41.507731989
221381,2022,10/17/2022,Manchester,232 CENTER STREET,150600.00,180000.00,0.8366,Commercial,,16 - Charitable Group,SALE TO OR FROM CHARITABLE,,POINT (-72.528942028 41.772888006),-72.528942028,41.772888006
220007,2022,10/03/2022,Madison,42 LEGEND HILL RD,225900.00,465000.00,0.4858,Residential,Condo,,,,POINT (-72.628998986 41.343396018),-72.628998986,41.343396018
220721,2022,07/10/2023,Greenwich,21 RICHLAND ROAD,409500.00,655000.00,0.6251,Residential,Single Family,,,,POINT (-73.652890033 41.008431991),-73.652890033,41.008431991
221181,2022,06/29/2023,Fairfield,114 ROSEDALE STREET,345870.00,675000.00,0.5124,Residential,Single Family,07 - Change in Property,PERMIT WORK,,POINT (-73.243434985 41.169663012),-73.243434985,41.169663012
220443,2022,04/06/2023,New Haven,84 WEYBOSSET ST,82390.00,180000.00,0.4577,Residential,Single Family,,,,POINT (-72.875501035 41.329077003),-72.875501035,41.329077003
220043,2022,03/06/2023,Lisbon,32 N BURNHAM HGWY,2090.00,67500.00,0.0309,Vacant Land,,28 - Use Assessment,G0073100,,POINT (-72.017934467 41.606975101),-72.017934467,41.606975101
220024,2022,10/17/2022,East Lyme,25 ARBOR XING,426860.00,749900.00,0.5692,Residential,Single Family,,,,POINT (-72.238023017 41.367708985),-72.238023017,41.367708985
22304,2022,07/26/2023,Middlebury,58 SHADDUCK RD,147600.00,408000.00,0.3617,Residential,Single Family,,,,POINT (-73.09155096 41.525385995),-73.09155096,41.525385995
223372,2022,06/30/2023,Newington,161 MARLBOROUGH ST,144040.00,349500.00,0.4121,Residential,Single Family,,,,POINT (-72.746132981 41.669215011),-72.746132981,41.669215011
220281,2022,08/01/2023,Killingly,1126 NORTH RD,260690.00,625000.00,0.4171,Residential,Single Family,01 - Family,,,POINT (-71.816515965 41.856826018),-71.816515965,41.856826018
220538,2022,05/12/2023,Branford,7 ASH RD,257900.00,420000.00,0.6140,Residential,Single Family,08 - Part Interest,BOUGHT OUT OTHER FAMILY MEMBERS,,POINT (-72.822921021 41.305355002),-72.822921021,41.305355002
220856,2022,08/17/2023,Greenwich,DAVIS AVENUE 0175,605150.00,850000.00,0.7119,Residential,Single Family,,,,POINT (-73.619192016 41.027188008),-73.619192016,41.027188008
2200219,2022,02/06/2023,East Hartford,51 OXFORD DR,105750.00,182000.00,0.5810,Residential,Single Family,07 - Change in Property,,,POINT (-72.625260992 41.736622989),-72.625260992,41.736622989
2200006,2022,10/03/2022,Naugatuck,89 LOCUST ST,148540.00,220000.00,0.6751,Residential,Single Family,,,,POINT (-73.038673975 41.501508007),-73.038673975,41.501508007
220080,2022,08/21/2023,Durham,148R MIDDLEFIELD RD,265020.00,730000.00,0.3630,Residential,Single Family,,,,POINT (-72.69193702 41.488859002),-72.69193702,41.488859002
22006,2022,12/08/2022,Franklin,NEW PARK AVE,179330.00,65000.00,2.7589,Vacant Land,,17 - Two Towns,MAP 45 LOT 27,,POINT (-72.122944235 41.57023952),-72.122944235,41.57023952
220031,2022,10/17/2022,Fairfield,1411 MILL PLAIN ROAD,395990.00,745000.00,0.5315,Residential,Single Family,07 - Change in Property,UPDATES & UPGRADES,,POINT (-73.266179028 41.159642991),-73.266179028,41.159642991
220148,2022,02/13/2023,New London,524 PEQUOT AVE,371210.00,900000.00,0.4124,Residential,Single Family,,,,POINT (-72.090737974 41.326360009),-72.090737974,41.326360009
220445,2022,01/17/2023,Fairfield,236 SHERWOOD FARM ROAD,1130570.00,1761000.00,0.6420,Residential,Single Family,,,,POINT (-73.276409979 41.165503995),-73.276409979,41.165503995
221742,2022,04/06/2023,Manchester,43 HAWTHORNE STREET SOUTH,115600.00,149000.00,0.7758,Residential,Single Family,25 - Other,CONSERVATORS DEED,,POINT (-72.529652981 41.781142001),-72.529652981,41.781142001
2200071,2022,11/14/2022,Naugatuck,29 BRENNAN ST,81970.00,100000.00,0.8197,Residential,Single Family,26 - Rehabilitation Deferred,,,POINT (-73.054420973 41.50235701),-73.054420973,41.50235701
220088,2022,10/17/2022,Bridgeport,69 GOLDENROD AVE,199610.00,380000.00,0.5252,Residential,Single Family,,,,POINT (-73.211694981 41.211708985),-73.211694981,41.211708985
22001,2022,10/03/2022,Darien,39 KENSETT LANE,1238580.00,2160000.00,0.5734,Residential,Condo,,,,POINT (-73.508905731 41.097536682),-73.508905731,41.097536682
220093,2022,02/09/2023,East Hampton,64 EASTHAM BRIDGE RD,283040.00,324500.00,0.8722,Residential,Single Family,14 - Foreclosure,,,POINT (-72.505665986 41.615889008),-72.505665986,41.615889008
220180,2022,11/02/2022,Bridgeport,25 FAIRLAWN AVE,237060.00,365000.00,0.6494,Residential,Single Family,25 - Other,EXECUTOR'S DEED,,POINT (-73.225014998 41.153681991),-73.225014998,41.153681991
220521,2022,05/15/2023,Greenwich,248 ROUND HILL ROAD,3743600.00,3500000.00,1.0696,Residential,Single Family,25 - Other,SOLD AS IS,,POINT (-73.659790016 41.075803005),-73.659790016,41.075803005
220108,2022,11/16/2022,New Haven,117 TOWNSEND AV,140000.00,220000.00,0.6363,Residential,Single Family,,,,POINT (-72.893300007 41.260828991),-72.893300007,41.260828991
220209,2022,12/21/2022,Meriden,217 BROAD VIEW N,46060.00,92000.00,0.5007,Residential,Condo,,,,POINT (-72.798150299 41.527143564),-72.798150299,41.527143564
220010,2022,10/20/2022,Bethany,29 COACHMANS LN,458400.00,747500.00,0.6132,Residential,Single Family,,,,POINT (-73.030872016 41.415057015),-73.030872016,41.415057015
220428,2022,03/20/2023,Meriden,80 BALDWIN ST,126560.00,165000.00,0.7670,Residential,Single Family,,,,POINT (-72.819335997 41.525092),-72.819335997,41.525092
220696,2022,06/21/2023,Hamden,33 WEBB ST,78120.00,85000.00,0.9191,Residential,Single Family,,,,POINT (-72.898613966 41.332023997),-72.898613966,41.332023997